,SRX610253,SRX610254
PSLT001,9.0,4.0
PSLT002,5.0,2.0
PSLT003,12.0,12.0
PSLT004,19.0,22.0
PSLT005,0.0,0.0
PSLT006,22.0,18.0
PSLT007,0.0,1.0
PSLT008,3.0,2.0
PSLT009,16.0,10.0
PSLT010,5.0,1.0
PSLT011,2.0,2.0
PSLT012,2.0,1.0
PSLT013,3.0,1.0
PSLT014,22.0,31.0
PSLT015,1.0,2.0
PSLT016,4.0,1.0
PSLT017,1.0,3.0
PSLT018,5.0,4.0
PSLT019,0.0,1.0
PSLT020,0.0,0.0
PSLT023,30.0,26.0
PSLT024,3.0,5.0
PSLT025,0.0,1.0
PSLT026,4.0,16.0
PSLT027,12.0,17.0
PSLT028,11.0,20.0
PSLT029,18.0,7.0
PSLT030,17.0,33.0
PSLT031,37.0,30.0
PSLT032,19.0,12.0
PSLT033,5.0,4.0
PSLT034,18.0,17.0
PSLT035,50.0,31.0
PSLT036,0.0,1.0
PSLT037,0.0,0.0
PSLT038,0.0,0.0
PSLT039,1.0,1.0
PSLT040,1.0,2.0
PSLT041,0.0,0.0
PSLT042,4.0,7.0
PSLT043,25.0,39.0
PSLT044,103.0,91.0
PSLT045,91.0,84.0
PSLT046,85.0,77.0
PSLT047,2.0,3.0
PSLT048,24.0,23.0
PSLT049,1.0,0.0
PSLT050,1.0,0.0
PSLT051,39.0,24.0
PSLT052,50.0,54.0
PSLT053,47.0,50.0
PSLT054,8.0,10.0
PSLT055,3.0,2.0
PSLT056,0.0,0.0
PSLT057,0.0,0.0
PSLT059,0.0,0.0
PSLT060,0.0,0.0
PSLT061,2.0,1.0
PSLT062,0.0,0.0
PSLT063,0.0,1.0
PSLT064,1.0,0.0
PSLT066,0.0,0.0
PSLT067,0.0,2.0
PSLT068,4.0,5.0
PSLT069,0.0,2.0
PSLT070,3.0,2.0
PSLT072,3.0,0.0
PSLT073,1.0,2.0
PSLT075,0.0,0.0
PSLT076,0.0,0.0
PSLT077,0.0,0.0
PSLT078,1.0,1.0
PSLT079,0.0,1.0
PSLT080,2.0,1.0
PSLT081,1.0,2.0
PSLT082,1.0,0.0
PSLT083,0.0,0.0
PSLT084,0.0,0.0
PSLT085,0.0,0.0
PSLT087,0.0,0.0
PSLT088,9.0,3.0
PSLT089,0.0,0.0
PSLT091,2.0,0.0
PSLT092,3.0,0.0
PSLT093,0.0,1.0
PSLT094,1.0,0.0
PSLT095,9.0,6.0
PSLT096,0.0,1.0
PSLT097,0.0,1.0
PSLT098,0.0,0.0
PSLT099,3.0,1.0
PSLT100,4.0,3.0
PSLT101,36.0,33.0
PSLT102,48.0,52.0
PSLT103,77.0,81.0
PSLT104,8.0,11.0
PSLT105,0.0,0.0
PSLT106,0.0,0.0
PSLT107,0.0,0.0
PSLT108,61.0,55.0
PSLT110,8.0,6.0
PSLT111,17.0,26.0
STM0001,3.0,9.0
STM0002,32.0,38.0
STM0003,27.0,28.0
STM0004,95.0,74.0
STM0005,14.0,23.0
STM0006,15.0,20.0
STM0007,449.0,519.0
STM0008,49.0,44.0
STM0009,27.0,46.0
STM0010,0.0,1.0
STM0011,2.0,0.0
STM0012,331.0,440.0
STM0013,104.0,104.0
STM0014,1.0,5.0
STM0015,0.0,0.0
STM0016,0.0,0.0
STM0017,0.0,0.0
STM0018,3.0,3.0
STM0019,4.0,7.0
STM0020,1.0,1.0
STM0021,3.0,1.0
STM0022,2.0,0.0
STM0023,2.0,3.0
STM0024,3.0,2.0
STM0025,1.0,0.0
STM0026,0.0,2.0
STM0027,0.0,0.0
STM0028,3.0,0.0
STM0029,0.0,0.0
STM0030,1.0,1.0
STM0031,0.0,1.0
STM0032,1.0,1.0
STM0033,4.0,5.0
STM0034,0.0,0.0
STM0035,1.0,2.0
STM0036,3.0,1.0
STM0037,1.0,3.0
STM0038,5.0,4.0
STM0039,72.0,84.0
STM0040,12.0,28.0
STM0041,3.0,10.0
STM0042,3.0,0.0
STM0043,297.0,695.0
STM0044,4.0,38.0
STM0045,86.0,76.0
STM0046,525.0,567.0
STM0047,108.0,98.0
STM0048,33.0,48.0
STM0049,63.0,67.0
STM0050,10.0,10.0
STM0051,18.0,20.0
STM0052,5.0,3.0
STM0053,8.0,3.0
STM0054,0.0,1.0
STM0055,0.0,0.0
STM0056,0.0,0.0
STM0057,0.0,0.0
STM0058,0.0,0.0
STM0059,0.0,1.0
STM0060,2.0,1.0
STM0061,1.0,2.0
STM0062,0.0,0.0
STM0063,1.0,1.0
STM0064,41.0,60.0
STM0065,0.0,0.0
STM0066,13.0,6.0
STM0067,58.0,59.0
STM0068,20.0,23.0
STM0069,3.0,5.0
STM0070,1.0,1.0
STM0071,3.0,4.0
STM0072,0.0,2.0
STM0073,5.0,3.0
STM0074,0.0,1.0
STM0075,1.0,1.0
STM0076,0.0,0.0
STM0077,2.0,1.0
STM0078,1.0,0.0
STM0079,4.0,3.0
STM0080,1.0,2.0
STM0081,2.0,3.0
STM0082,1.0,3.0
STM0083,7.0,4.0
STM0084,4.0,1.0
STM0085,2.0,2.0
STM0086,8.0,8.0
STM0087,34.0,33.0
STM0088,41.0,43.0
STM0089,20.0,19.0
STM0090,78.0,78.0
STM0091,81.0,82.0
STM0092,154.0,128.0
STM0093,203.0,184.0
STM0094,36.0,53.0
STM0095,65.0,55.0
STM0096,165.0,192.0
STM0097,26.0,13.0
STM0098,0.0,5.0
STM0099,0.0,0.0
STM0100,0.0,0.0
STM0101,1.0,1.0
STM0102,1.0,1.0
STM0103,1.0,1.0
STM0104,28.0,35.0
STM0105,18.0,26.0
STM0106,13.0,5.0
STM0107,8.0,9.0
STM0108,17.0,14.0
STM0109,7.0,7.0
STM0110,4.0,0.0
STM0111,2.0,6.0
STM0112,5.0,7.0
STM0113,12.0,7.0
STM0114,2.0,3.0
STM0115,0.0,0.0
STM0116,7.0,7.0
STM0117,8.0,3.0
STM0118,73.0,62.0
STM0119,27.0,34.0
STM0120,144.0,101.0
STM0121,13.0,14.0
STM0122,40.0,52.0
STM0123,131.0,133.0
STM0124,97.0,97.0
STM0125,63.0,77.0
STM0126,92.0,88.0
STM0127,45.0,79.0
STM0128,140.0,143.0
STM0129,129.0,157.0
STM0130,83.0,86.0
STM0131,55.0,33.0
STM0132,129.0,125.0
STM0133,270.0,251.0
STM0134,184.0,233.0
STM0135,26.0,25.0
STM0136,696.0,694.0
STM0137,6.0,10.0
STM0138,24.0,28.0
STM0139,36.0,35.0
STM0140,10.0,10.0
STM0141,95.0,125.0
STM0142,2.0,0.0
STM0143,3.0,0.0
STM0144,1.0,0.0
STM0145,16.0,14.0
STM0146,21.0,14.0
STM0147,33.0,40.0
STM0148,8.0,3.0
STM0149,2.0,5.0
STM0150,12.0,9.0
STM0151,73.0,83.0
STM0152,3169.0,3398.0
STM0153,1572.0,1648.0
STM0154,1084.0,1112.0
STM0155,1.0,2.0
STM0156,0.0,1.0
STM0157,2.0,4.0
STM0158,250.0,254.0
STM0159,21.0,33.0
STM0160,19.0,28.0
STM0161,149.0,185.0
STM0162,235.0,259.0
STM0163,261.0,264.0
STM0164,128.0,107.0
STM0165,44.0,73.0
STM0166,23.0,52.0
STM0167,4.0,12.0
STM0168,14.0,23.0
STM0169,8.0,6.0
STM0170,27.0,105.0
STM0171,65.0,62.0
STM0172,18.0,28.0
STM0173,17.0,13.0
STM0174,2.0,4.0
STM0175,4.0,3.0
STM0176,0.0,0.0
STM0177,4.0,4.0
STM0178,1.0,5.0
STM0179,16.0,11.0
STM0180,17.0,28.0
STM0181,24.0,37.0
STM0182,40.0,58.0
STM0183,10.0,10.0
STM0184,144.0,169.0
STM0185,7.0,9.0
STM0186,150.0,191.0
STM0187,16.0,14.0
STM0188,13.0,21.0
STM0189,100.0,98.0
STM0190,93.0,95.0
STM0191,99.0,122.0
STM0192,28.0,24.0
STM0193,9.0,14.0
STM0194,21.0,21.0
STM0195,1.0,1.0
STM0196,2.0,1.0
STM0197,0.0,0.0
STM0198,0.0,0.0
STM0199,1.0,2.0
STM0200,2.0,0.0
STM0201,0.0,2.0
STM0202,115.0,108.0
STM0203,25.0,32.0
STM0204,29.0,43.0
STM0205,8.0,1.0
STM0206,10.0,7.0
STM0207,22.0,13.0
STM0208,13.0,33.0
STM0209,69.0,96.0
STM0210,50.0,38.0
STM0211,43.0,39.0
STM0212,11.0,16.0
STM0213,70.0,110.0
STM0214,69.0,80.0
STM0215,48.0,59.0
STM0216,954.0,1618.0
STM0217,676.0,1183.0
STM0218,79.0,95.0
STM0219,152.0,250.0
STM0220,36.0,37.0
STM0221,40.0,48.0
STM0222,64.0,62.0
STM0223,169.0,168.0
STM0224,700.0,779.0
STM0225,219.0,263.0
STM0226,107.0,140.0
STM0227,107.0,350.0
STM0228,161.0,158.0
STM0229,50.0,38.0
STM0230,17.0,25.0
STM0231,199.0,188.0
STM0232,121.0,149.0
STM0233,7.0,16.0
STM0234,92.0,87.0
STM0235,15.0,5.0
STM0236,32.0,28.0
STM0237,6.0,8.0
STM0238,15.0,27.0
STM0239,25.0,56.0
STM0240,8.0,7.0
STM0242,487.0,532.0
STM0243,18.0,21.0
STM0244,18.0,27.0
STM0245,43.0,59.0
STM0246,18.0,9.0
STM0247,20.0,20.0
STM0248,28.0,29.0
STM0255,5.0,11.0
STM0256,2.0,7.0
STM0257,1.0,1.0
STM0258,39.0,32.0
STM0259,10.0,9.0
STM0260,59.0,69.0
STM0261,4.0,6.0
STM0262,8.0,5.0
STM0263,4.0,23.0
STM0264,13.0,11.0
STM0266,13.0,10.0
STM0267,2.0,1.0
STM0268,7.0,13.0
STM0269,2.0,5.0
STM0270,4.0,1.0
STM0271,1.0,1.0
STM0272,9.0,13.0
STM0273,0.0,1.0
STM0274,1.0,3.0
STM0274A,0.0,0.0
STM0275,0.0,0.0
STM0276,3.0,0.0
STM0277,0.0,1.0
STM0278,0.0,0.0
STM0279,0.0,0.0
STM0280,0.0,0.0
STM0281,0.0,1.0
STM0282,1.0,0.0
STM0283,0.0,0.0
STM0284,1.0,0.0
STM0285,9.0,10.0
STM0286,0.0,1.0
STM0287,2.0,0.0
STM0288,0.0,0.0
STM0289,4.0,2.0
STM0290,2.0,4.0
STM0291,11.0,13.0
STM0292,3.0,8.0
STM0293,0.0,2.0
STM0294,0.0,1.0
STM0295,0.0,1.0
STM0296,0.0,1.0
STM0299,2.0,2.0
STM0300,3.0,4.0
STM0301,19.0,14.0
STM0302,2.0,2.0
STM0303,3.0,5.0
STM0304,5.0,5.0
STM0305,2.0,0.0
STM0306,2.0,5.0
STM0307,6.0,11.0
STM0308,10.0,19.0
STM0309,5.0,12.0
STM0310,39.0,42.0
STM0311,20.0,30.0
STM0312,23.0,13.0
STM0313,14.0,10.0
STM0315,3.0,2.0
STM0316,224.0,272.0
STM0317,38.0,61.0
STM0318,45.0,56.0
STM0319,36.0,56.0
STM0320,1.0,1.0
STM0321,103.0,160.0
STM0322,70.0,68.0
STM0324,0.0,0.0
STM0325,0.0,0.0
STM0327,45.0,59.0
STM0328,6.0,12.0
STM0329,1.0,0.0
STM0330,1.0,2.0
STM0331,1.0,4.0
STM0332,2.0,0.0
STM0333,2.0,0.0
STM0334,1.0,0.0
STM0335,0.0,3.0
STM0336,1.0,1.0
STM0337,1.0,3.0
STM0338,3.0,2.0
STM0339,0.0,0.0
STM0340,0.0,0.0
STM0341,3.0,4.0
STM0342,1.0,0.0
STM0343,5.0,5.0
STM0344,7.0,5.0
STM0345,2.0,3.0
STM0346,0.0,0.0
STM0347,0.0,1.0
STM0348,0.0,0.0
STM0349,3.0,2.0
STM0350,1.0,2.0
STM0351,0.0,2.0
STM0352,0.0,0.0
STM0353,4.0,1.0
STM0354,5.0,1.0
STM0355,2.0,0.0
STM0356,4.0,5.0
STM0357,54.0,83.0
STM0358,145.0,137.0
STM0359,0.0,1.0
STM0360,1.0,1.0
STM0361,4.0,2.0
STM0362,0.0,0.0
STM0363,12.0,3.0
STM0364,2.0,9.0
STM0365,13.0,29.0
STM0366,13.0,24.0
STM0367,8.0,4.0
STM0368,2.0,3.0
STM0369,3.0,0.0
STM0370,2.0,2.0
STM0371,7.0,2.0
STM0372,159.0,167.0
STM0373,5.0,5.0
STM0374,2.0,0.0
STM0375,14.0,13.0
STM0376,17.0,24.0
STM0377,21.0,18.0
STM0378,2.0,1.0
STM0379,6.0,68.0
STM0380,36.0,55.0
STM0381,1.0,1.0
STM0382,1.0,4.0
STM0383,17.0,29.0
STM0384,1.0,3.0
STM0385,5.0,2.0
STM0386,46.0,49.0
STM0387,9.0,10.0
STM0388,23.0,18.0
STM0389,35.0,44.0
STM0390,12.0,9.0
STM0391,15.0,25.0
STM0392,38.0,38.0
STM0393,17.0,25.0
STM0394,8.0,5.0
STM0395,120.0,105.0
STM0396,10.0,10.0
STM0397,10.0,34.0
STM0398,17.0,23.0
STM0399,42.0,39.0
STM0400,38.0,29.0
STM0401,14.0,15.0
STM0402,107.0,133.0
STM0403,24.0,18.0
STM0404,25.0,27.0
STM0405,101.0,81.0
STM0406,78.0,92.0
STM0407,246.0,287.0
STM0408,135.0,158.0
STM0409,1.0,1.0
STM0410,4.0,2.0
STM0411,12.0,18.0
STM0412,15.0,17.0
STM0413,315.0,352.0
STM0414,0.0,3.0
STM0415,15.0,30.0
STM0416,53.0,68.0
STM0417,92.0,99.0
STM0418,77.0,90.0
STM0419,27.0,42.0
STM0420,10.0,11.0
STM0421,23.0,14.0
STM0422,114.0,122.0
STM0423,49.0,53.0
STM0424,18.0,11.0
STM0425,151.0,182.0
STM0426,6.0,8.0
STM0427,1.0,1.0
STM0428,2.0,5.0
STM0429,2.0,2.0
STM0430,4.0,4.0
STM0431,1.0,0.0
STM0432,0.0,1.0
STM0433,11.0,16.0
STM0434,18.0,18.0
STM0435,50.0,40.0
STM0436,23.0,22.0
STM0436A,0.0,1.0
STM0437,4.0,5.0
STM0438,6.0,9.0
STM0439,257.0,245.0
STM0440,74.0,73.0
STM0441,138.0,162.0
STM0442,572.0,603.0
STM0443,340.0,352.0
STM0444,30.0,30.0
STM0445,23.0,38.0
STM0446,15.0,17.0
STM0447,672.0,760.0
STM0448,126.0,133.0
STM0449,359.0,396.0
STM0450,391.0,401.0
STM0451,599.0,614.0
STM0452,160.0,153.0
STM0453,1.0,3.0
STM0454,6.0,5.0
STM0455,28.0,35.0
STM0456,33.0,31.0
STM0457,14.0,7.0
STM0458,3.0,0.0
STM0459,4.0,5.0
STM0460,26.0,17.0
STM0461,19.0,30.0
STM0462,3.0,1.0
STM0463,5.0,11.0
STM0464,19.0,22.0
STM0465,15.0,25.0
STM0466,22.0,101.0
STM0468,12.0,13.0
STM0469,3.0,1.0
STM0470,0.0,2.0
STM0471,6.0,5.0
STM0472,37.0,27.0
STM0473,26.0,28.0
STM0474,10.0,18.0
STM0475,255.0,263.0
STM0476,95.0,79.0
STM0477,19.0,30.0
STM0478,81.0,75.0
STM0479,14.0,12.0
STM0480,1.0,1.0
STM0481,6.0,5.0
STM0482,4.0,6.0
STM0483,34.0,31.0
STM0484,123.0,151.0
STM0485,41.0,27.0
STM0486,67.0,83.0
STM0487,426.0,470.0
STM0488,73.0,72.0
STM0489,14.0,9.0
STM0490,5.0,3.0
STM0491,45.0,33.0
STM0492,25.0,34.0
STM0493,12.0,21.0
STM0494,73.0,87.0
STM0495,15.0,20.0
STM0496,266.0,136.0
STM0497,2.0,3.0
STM0498,26.0,31.0
STM0499,15.0,7.0
STM0500,19.0,18.0
STM0501,23.0,40.0
STM0502,2.0,4.0
STM0503,5.0,3.0
STM0504,32.0,31.0
STM0505,12.0,13.0
STM0506,8.0,23.0
STM0507,5.0,3.0
STM0508,9.0,15.0
STM0509,13.0,16.0
STM0510,6.0,8.0
STM0511,7.0,8.0
STM0512,4.0,7.0
STM0513,39.0,24.0
STM0514,3.0,6.0
STM0515,9.0,3.0
STM0516,28.0,33.0
STM0517,3.0,2.0
STM0518,1.0,2.0
STM0519,1.0,1.0
STM0520,0.0,1.0
STM0521,0.0,0.0
STM0522,0.0,0.0
STM0523,1.0,0.0
STM0524,0.0,1.0
STM0525,0.0,0.0
STM0526,2.0,9.0
STM0527,2.0,1.0
STM0528,0.0,2.0
STM0529,1.0,0.0
STM0530,0.0,1.0
STM0531,0.0,1.0
STM0532,0.0,1.0
STM0533,16.0,16.0
STM0534,5.0,8.0
STM0535,8.0,5.0
STM0536,35.0,49.0
STM0537,180.0,184.0
STM0538,6.0,7.0
STM0539,1.0,0.0
STM0540,2.0,2.0
STM0541,12.0,13.0
STM0542,37.0,33.0
STM0543,1.0,3.0
STM0544,1.0,1.0
STM0545,1.0,0.0
STM0546,2.0,2.0
STM0547,0.0,1.0
STM0548,1.0,0.0
STM0549,0.0,1.0
STM0550,0.0,2.0
STM0551,0.0,0.0
STM0552,0.0,1.0
STM0554,0.0,0.0
STM0557,12.0,12.0
STM0558,5.0,5.0
STM0559,4.0,9.0
STM0561,5.0,8.0
STM0562,1.0,0.0
STM0563,2.0,3.0
STM0564,3.0,2.0
STM0565,0.0,0.0
STM0566,0.0,0.0
STM0567,16.0,25.0
STM0568,15.0,25.0
STM0569,11.0,15.0
STM0570,14.0,3.0
STM0571,36.0,49.0
STM0572,0.0,2.0
STM0573,0.0,0.0
STM0574,0.0,1.0
STM0575,1.0,0.0
STM0576,0.0,0.0
STM0577,0.0,0.0
STM0578,58.0,57.0
STM0579,4.0,4.0
STM0580,13.0,146.0
STM0581,0.0,3.0
STM0582,1.0,8.0
STM0583,3.0,1.0
STM0584,2.0,3.0
STM0585,4.0,5.0
STM0586,6.0,8.0
STM0587,0.0,1.0
STM0588,19.0,17.0
STM0589,35.0,31.0
STM0590,3.0,4.0
STM0591,9.0,3.0
STM0592,8.0,2.0
STM0593,7.0,3.0
STM0594,3.0,1.0
STM0595,2.0,7.0
STM0596,7.0,5.0
STM0597,1.0,4.0
STM0598,0.0,1.0
STM0599,2.0,1.0
STM0600,25.0,40.0
STM0601,4.0,2.0
STM0602,2.0,7.0
STM0603,8.0,7.0
STM0604,3.0,4.0
STM0605,1.0,8.0
STM0606,6.0,6.0
STM0607,7.0,7.0
STM0608,108.0,177.0
STM0609,46.0,46.0
STM0610,0.0,0.0
STM0611,1.0,6.0
STM0612,0.0,1.0
STM0613,3.0,7.0
STM0614,45.0,85.0
STM0615,4.0,2.0
STM0616,21.0,23.0
STM0617,49.0,46.0
STM0618,2.0,2.0
STM0619,2.0,2.0
STM0620,0.0,0.0
STM0621,0.0,1.0
STM0622,2.0,1.0
STM0623,0.0,0.0
STM0624,0.0,1.0
STM0625,8.0,5.0
STM0626,4.0,5.0
STM0627,22.0,25.0
STM0628,31.0,33.0
STM0629,431.0,675.0
STM0630,9.0,5.0
STM0631,6.0,6.0
STM0632,4.0,10.0
STM0633,84.0,110.0
STM0634,4.0,5.0
STM0635,13.0,7.0
STM0636,7.0,43.0
STM0637,60.0,67.0
STM0638,42.0,37.0
STM0639,26.0,39.0
STM0640,18.0,37.0
STM0641,25.0,22.0
STM0642,22.0,21.0
STM0643,9.0,4.0
STM0644,14.0,11.0
STM0645,8.0,7.0
STM0646,51.0,45.0
STM0647,38.0,50.0
STM0648,240.0,272.0
STM0649,0.0,0.0
STM0650,0.0,0.0
STM0651,2.0,2.0
STM0652,50.0,38.0
STM0653,38.0,25.0
STM0654,4.0,3.0
STM0655,2.0,0.0
STM0656,2.0,0.0
STM0657,0.0,0.0
STM0658,2.0,3.0
STM0659,28.0,22.0
STM0660,50.0,35.0
STM0661,66.0,57.0
STM0662,30.0,19.0
STM0663,1.0,8.0
STM0664,7.0,7.0
STM0665,40.0,76.0
STM0666,16.0,25.0
STM0667,53.0,35.0
STM0668,22.0,29.0
STM0669,46.0,53.0
STM0670,55.0,74.0
STM0671,27.0,37.0
STM0672,1.0,7.0
STM0680,29.0,34.0
STM0681,27.0,93.0
STM0682,48.0,39.0
STM0683,29.0,25.0
STM0684,22.0,15.0
STM0685,199.0,204.0
STM0686,265.0,557.0
STM0687,59.0,51.0
STM0688,7.0,7.0
STM0689,7.0,2.0
STM0690,1.0,2.0
STM0691,4.0,3.0
STM0692,11.0,6.0
STM0693,40.0,51.0
STM0694,68.0,87.0
STM0695,4.0,9.0
STM0696,86.0,121.0
STM0697,30.0,30.0
STM0698,139.0,157.0
STM0699,74.0,46.0
STM0700,219.0,235.0
STM0701,471.0,460.0
STM0702,7.0,1.0
STM0703,8.0,19.0
STM0704,1.0,0.0
STM0705,3.0,6.0
STM0706,0.0,0.0
STM0707,0.0,0.0
STM0708,5.0,7.0
STM0709,5.0,4.0
STM0710,4.0,8.0
STM0711,32.0,36.0
STM0712,24.0,15.0
STM0713,26.0,16.0
STM0714,13.0,6.0
STM0715,1.0,12.0
STM0716,5.0,14.0
STM0717,0.0,1.0
STM0718,1.0,0.0
STM0719,0.0,0.0
STM0720,0.0,0.0
STM0721,0.0,2.0
STM0722,0.0,1.0
STM0723,0.0,0.0
STM0724,0.0,1.0
STM0725,0.0,2.0
STM0726,1.0,1.0
STM0727,1.0,1.0
STM0728,11.0,10.0
STM0729,6.0,7.0
STM0730,109.0,149.0
STM0731,34.0,34.0
STM0732,34.0,41.0
STM0733,44.0,41.0
STM0734,305.0,302.0
STM0735,161.0,181.0
STM0736,946.0,987.0
STM0737,365.0,349.0
STM0738,369.0,338.0
STM0739,155.0,165.0
STM0740,380.0,386.0
STM0741,206.0,241.0
STM0742,23.0,30.0
STM0743,40.0,40.0
STM0744,11.0,19.0
STM0745,50.0,32.0
STM0746,18.0,18.0
STM0747,59.0,57.0
STM0748,169.0,171.0
STM0749,284.0,322.0
STM0750,112.0,116.0
STM0756,0.0,0.0
STM0757,2.0,2.0
STM0758,8.0,6.0
STM0759,32.0,60.0
STM0760,66.0,82.0
STM0761,2.0,0.0
STM0762,3.0,0.0
STM0763,5.0,12.0
STM0764,2.0,2.0
STM0765,0.0,0.0
STM0766,0.0,0.0
STM0768,0.0,0.0
STM0769,1.0,0.0
STM0770,8.0,1.0
STM0771,1.0,1.0
STM0772,123.0,237.0
STM0773,53.0,52.0
STM0774,83.0,56.0
STM0775,48.0,43.0
STM0776,87.0,83.0
STM0777,0.0,0.0
STM0778,70.0,66.0
STM0779,15.0,21.0
STM0780,13.0,23.0
STM0781,54.0,64.0
STM0782,32.0,26.0
STM0783,38.0,35.0
STM0784,12.0,18.0
STM0785,23.0,41.0
STM0786,49.0,55.0
STM0787,20.0,20.0
STM0788,19.0,19.0
STM0789,4.0,1.0
STM0791,11.0,11.0
STM0792,10.0,14.0
STM0793,43.0,88.0
STM0794,37.0,192.0
STM0795,42.0,36.0
STM0796,24.0,19.0
STM0797,17.0,17.0
STM0798,84.0,104.0
STM0799,3.0,0.0
STM0800,11.0,29.0
STM0801,19.0,30.0
STM0802,40.0,38.0
STM0803,25.0,36.0
STM0804,18.0,24.0
STM0805,10.0,16.0
STM0806,34.0,25.0
STM0807,47.0,65.0
STM0808,0.0,1.0
STM0809,0.0,1.0
STM0810,0.0,2.0
STM0811,0.0,1.0
STM0812,0.0,0.0
STM0813,0.0,1.0
STM0814,24.0,47.0
STM0815,16.0,9.0
STM0816,9.0,10.0
STM0817,14.0,17.0
STM0818,12.0,7.0
STM0819,5.0,5.0
STM0820,30.0,43.0
STM0821,103.0,79.0
STM0822,24.0,18.0
STM0823,5.0,1.0
STM0825,1.0,3.0
STM0826,16.0,4.0
STM0827,8.0,12.0
STM0828,55.0,70.0
STM0829,65.0,82.0
STM0830,202.0,203.0
STM0831,12.0,16.0
STM0832,8.0,27.0
STM0833,408.0,686.0
STM0834,17.0,19.0
STM0835,10.0,4.0
STM0836,10.0,8.0
STM0837,32.0,36.0
STM0838,48.0,73.0
STM0839,0.0,0.0
STM0840,2.0,1.0
STM0841,3.0,3.0
STM0842,8.0,13.0
STM0843,26.0,20.0
STM0844,10.0,3.0
STM0845,12.0,11.0
STM0846,30.0,28.0
STM0847,30.0,56.0
STM0848,38.0,40.0
STM0849,15.0,19.0
STM0850,13.0,3.0
STM0851,13.0,10.0
STM0852,70.0,55.0
STM0853,10.0,34.0
STM0854,0.0,1.0
STM0855,0.0,1.0
STM0856,0.0,3.0
STM0857,1.0,0.0
STM0858,1.0,3.0
STM0859,1.0,4.0
STM0860,0.0,2.0
STM0861,4.0,1.0
STM0862,9.0,9.0
STM0863,19.0,22.0
STM0864,14.0,14.0
STM0865,14.0,19.0
STM0866,15.0,12.0
STM0867,9.0,13.0
STM0868,9.0,13.0
STM0869,17.0,13.0
STM0870,34.0,42.0
STM0871,3.0,3.0
STM0872,23.0,43.0
STM0873,2.0,0.0
STM0874,3.0,8.0
STM0875,13.0,15.0
STM0876,7.0,8.0
STM0877,7.0,2.0
STM0878,1.0,3.0
STM0879,4.0,3.0
STM0880,7.0,4.0
STM0881,4.0,4.0
STM0882,10.0,8.0
STM0884,0.0,0.0
STM0885,1.0,1.0
STM0886,3.0,3.0
STM0887,4.0,5.0
STM0888,23.0,21.0
STM0889,37.0,26.0
STM0890,41.0,38.0
STM0891,42.0,213.0
STM0892,14.0,19.0
STM0893,0.0,0.0
STM0894,0.0,0.0
STM0895,0.0,0.0
STM0896,0.0,0.0
STM0897,0.0,0.0
STM0898,0.0,0.0
STM0898A,0.0,0.0
STM0899,0.0,0.0
STM0900,0.0,0.0
STM0901,0.0,0.0
STM0902,0.0,0.0
STM0903,0.0,0.0
STM0904,0.0,0.0
STM0905,0.0,0.0
STM0906,0.0,0.0
STM0907,0.0,0.0
STM0908,1.0,0.0
STM0909,0.0,0.0
STM0910,0.0,0.0
STM0911,0.0,0.0
STM0912,0.0,0.0
STM0913,0.0,0.0
STM0914,0.0,0.0
STM0915,0.0,0.0
STM0916,0.0,0.0
STM0917,0.0,0.0
STM0918,0.0,0.0
STM0919,0.0,0.0
STM0920,0.0,0.0
STM0921,0.0,0.0
STM0922,0.0,0.0
STM0923,0.0,0.0
STM0924,0.0,0.0
STM0925,0.0,0.0
STM0926,0.0,0.0
STM0927,0.0,0.0
STM0928,0.0,0.0
STM0929,0.0,0.0
STM0930,10.0,16.0
STM0931,12.0,20.0
STM0932,30.0,36.0
STM0933,22.0,26.0
STM0934,16.0,33.0
STM0935,3.0,4.0
STM0936,4.0,3.0
STM0937,4.0,8.0
STM0938,8.0,18.0
STM0939,43.0,31.0
STM0940,109.0,108.0
STM0941,24.0,29.0
STM0942,31.0,36.0
STM0943,22.0,38.0
STM0944,26.0,41.0
STM0945,418.0,406.0
STM0946,0.0,0.0
STM0950,4.0,15.0
STM0951,5.0,4.0
STM0952,3.0,12.0
STM0953,11.0,9.0
STM0954,15.0,12.0
STM0955,7.0,7.0
STM0956,32.0,34.0
STM0957,39.0,46.0
STM0958,63.0,92.0
STM0959,78.0,75.0
STM0960,434.0,381.0
STM0961,47.0,54.0
STM0962,53.0,58.0
STM0963,150.0,165.0
STM0964,275.0,270.0
STM0965,24.0,19.0
STM0966,70.0,57.0
STM0968,11.0,7.0
STM0969,12.0,6.0
STM0970,30.0,51.0
STM0971,4.0,2.0
STM0972,11.0,9.0
STM0973,1155.0,1296.0
STM0974,162.0,210.0
STM0975,77.0,84.0
STM0976,0.0,2.0
STM0977,55.0,77.0
STM0978,30.0,38.0
STM0979,5.0,2.0
STM0980,86.0,84.0
STM0981,2030.0,3134.0
STM0982,19.0,30.0
STM0983,3.0,2.0
STM0984,64.0,93.0
STM0985,40.0,32.0
STM0986,8.0,8.0
STM0987,4.0,2.0
STM0988,36.0,37.0
STM0989,14.0,10.0
STM0990,4.0,4.0
STM0991,32.0,80.0
STM0992,68.0,71.0
STM0993,22.0,26.0
STM0994,901.0,758.0
STM0995,63.0,62.0
STM0996,43.0,37.0
STM0997,34.0,37.0
STM0998,94.0,108.0
STM0999,107.0,132.0
STM1000,431.0,492.0
STM1001,6.0,2.0
STM1002,0.0,2.0
STM1003,0.0,0.0
STM1004,18.0,41.0
STM1005,23.0,22.0
STM1006,1.0,2.0
STM1007,0.0,0.0
STM1008,0.0,0.0
STM1009,0.0,0.0
STM1010,0.0,0.0
STM1011,0.0,0.0
STM1012,0.0,0.0
STM1013,0.0,0.0
STM1014,0.0,0.0
STM1015,0.0,0.0
STM1016,0.0,0.0
STM1017,0.0,0.0
STM1018,0.0,0.0
STM1019,0.0,0.0
STM1020,0.0,0.0
STM1021,0.0,0.0
STM1022,0.0,0.0
STM1023,2.0,5.0
STM1024,3.0,1.0
STM1025,17.0,14.0
STM1026,0.0,1.0
STM1027,0.0,0.0
STM1028,0.0,0.0
STM1029,0.0,0.0
STM1030,1.0,0.0
STM1031,3.0,3.0
STM1032,7.0,6.0
STM1033,6.0,9.0
STM1034,0.0,1.0
STM1035,0.0,0.0
STM1036,1.0,1.0
STM1037,0.0,0.0
STM1038,3.0,1.0
STM1039,4.0,1.0
STM1040,0.0,1.0
STM1041,7.0,8.0
STM1042,2.0,1.0
STM1043,2.0,9.0
STM1044,14.0,20.0
STM1045,8.0,4.0
STM1046,0.0,2.0
STM1047,1.0,2.0
STM1048,3.0,3.0
STM1049,0.0,1.0
STM1050,0.0,1.0
STM1051,2.0,3.0
STM1053,0.0,0.0
STM1054,1.0,1.0
STM1055,2.0,4.0
STM1056,0.0,2.0
STM1057,125.0,168.0
STM1058,29.0,34.0
STM1059,9.0,8.0
STM1060,12.0,8.0
STM1061,81.0,95.0
STM1062,109.0,73.0
STM1063,32.0,34.0
STM1064,49.0,41.0
STM1065,9.0,12.0
STM1066,8.0,30.0
STM1067,115.0,211.0
STM1068,219.0,200.0
STM1069,12.0,11.0
STM1070,988.0,1651.0
STM1071,10.0,6.0
STM1072,3.0,0.0
STM1073,11.0,11.0
STM1074,1.0,7.0
STM1075,99.0,85.0
STM1076,18.0,38.0
STM1077,0.0,0.0
STM1078,18.0,10.0
STM1079,16.0,10.0
STM1080,31.0,36.0
STM1081,2.0,1.0
STM1082,4.0,9.0
STM1083,2.0,0.0
STM1084,22.0,14.0
STM1085,26.0,52.0
STM1087,6.0,20.0
STM1088,0.0,0.0
STM1089,0.0,1.0
STM1090,1.0,3.0
STM1091,14.0,11.0
STM1092,9.0,13.0
STM1093,2.0,3.0
STM1094,35.0,27.0
STM1095,12.0,9.0
STM1096,21.0,10.0
STM1097,0.0,8.0
STM1098,0.0,0.0
STM1099,1.0,3.0
STM1100,2.0,6.0
STM1101,2.0,0.0
STM1102,4.0,4.0
STM1103,1.0,1.0
STM1104,1.0,0.0
STM1105,0.0,0.0
STM1106,1.0,0.0
STM1107,3.0,2.0
STM1108,0.0,2.0
STM1109,1.0,2.0
STM1110,0.0,0.0
STM1111,5.0,3.0
STM1112,22.0,38.0
STM1113,3.0,2.0
STM1114,2.0,3.0
STM1115,4.0,1.0
STM1116,3.0,1.0
STM1117,48.0,55.0
STM1118,3.0,9.0
STM1119,14.0,14.0
STM1121,1.0,43.0
STM1122,7.0,14.0
STM1123,9.0,11.0
STM1124,332.0,333.0
STM1125,10.0,18.0
STM1126,4.0,8.0
STM1127,15.0,18.0
STM1128,6.0,3.0
STM1129,1.0,1.0
STM1130,1.0,3.0
STM1131,0.0,1.0
STM1132,0.0,0.0
STM1133,1.0,6.0
STM1135,31.0,35.0
STM1136,22.0,20.0
STM1137,17.0,16.0
STM1138,31.0,30.0
STM1139,2.0,5.0
STM1140,0.0,0.0
STM1141,0.0,0.0
STM1142,2.0,0.0
STM1143,0.0,0.0
STM1144,1.0,1.0
STM1145,1.0,0.0
STM1146,9.0,4.0
STM1147,4.0,6.0
STM1148,21.0,34.0
STM1149,10.0,10.0
STM1150,105.0,147.0
STM1151,219.0,235.0
STM1152,2.0,0.0
STM1153,5.0,3.0
STM1154,9.0,9.0
STM1155,53.0,56.0
STM1156,12.0,18.0
STM1157,5.0,10.0
STM1158,0.0,2.0
STM1159,1.0,2.0
STM1160,31.0,33.0
STM1161,9.0,24.0
STM1162,6.0,9.0
STM1163,34.0,33.0
STM1164,13.0,26.0
STM1165,17.0,16.0
STM1166,3.0,5.0
STM1167,43.0,35.0
STM1168,36.0,49.0
STM1169,35.0,32.0
STM1170,22.0,29.0
STM1171,129.0,129.0
STM1172,82.0,62.0
STM1173,68.0,59.0
STM1174,49.0,65.0
STM1175,44.0,36.0
STM1176,92.0,82.0
STM1177,192.0,195.0
STM1178,141.0,125.0
STM1179,145.0,155.0
STM1180,73.0,55.0
STM1181,55.0,76.0
STM1182,36.0,40.0
STM1183,229.0,247.0
STM1184,234.0,168.0
STM1185,730.0,752.0
STM1187,18.0,26.0
STM1188,5.0,9.0
STM1189,7.0,10.0
STM1190,434.0,935.0
STM1191,77.0,76.0
STM1192,95.0,89.0
STM1193,94.0,94.0
STM1194,98.0,141.0
STM1195,265.0,422.0
STM1196,764.0,1255.0
STM1197,604.0,638.0
STM1198,10.0,13.0
STM1199,15.0,20.0
STM1200,23.0,15.0
STM1201,20.0,17.0
STM1202,27.0,20.0
STM1203,368.0,402.0
STM1204,2.0,2.0
STM1205,26.0,44.0
STM1206,14.0,14.0
STM1207,27.0,25.0
STM1208,15.0,11.0
STM1209,18.0,28.0
STM1210,26.0,20.0
STM1211,106.0,122.0
STM1212,10.0,9.0
STM1213,23.0,17.0
STM1214,13.0,19.0
STM1215,5.0,10.0
STM1216,103.0,92.0
STM1217,27.0,30.0
STM1218,19.0,14.0
STM1219,34.0,36.0
STM1220,39.0,51.0
STM1221,31.0,31.0
STM1222,52.0,66.0
STM1223,20.0,37.0
STM1224,1.0,0.0
STM1225,7.0,8.0
STM1226,21.0,25.0
STM1227,106.0,121.0
STM1228,5.0,11.0
STM1229,32.0,28.0
STM1230,63.0,82.0
STM1231,50.0,68.0
STM1232,91.0,113.0
STM1233,17.0,13.0
STM1234,56.0,43.0
STM1235,6.0,3.0
STM1236,3.0,4.0
STM1237,4.0,8.0
STM1238,198.0,282.0
STM1239,7.0,5.0
STM1240,2.0,1.0
STM1241,5.0,9.0
STM1242,6.0,5.0
STM1243,4.0,4.0
STM1244,0.0,1.0
STM1246,3.0,46.0
STM1249,12.0,21.0
STM1250,1.0,2.0
STM1251,5.0,6.0
STM1252,6.0,6.0
STM1253,25.0,16.0
STM1254,22.0,56.0
STM1255,224.0,208.0
STM1256,50.0,44.0
STM1257,24.0,28.0
STM1258,34.0,25.0
STM1259,8.0,15.0
STM1260,6.0,5.0
STM1261,1.0,2.0
STM1263,6.0,55.0
STM1264,3.0,5.0
STM1265,0.0,1.0
STM1266,19.0,15.0
STM1267,1.0,10.0
STM1268,1.0,0.0
STM1269,11.0,3.0
STM1270,28.0,34.0
STM1271,1.0,0.0
STM1272,0.0,1.0
STM1273,3.0,4.0
STM1274,2.0,11.0
STM1275,7.0,6.0
STM1276,2.0,6.0
STM1277,3.0,3.0
STM1278,5.0,7.0
STM1279,4.0,23.0
STM1280,6.0,2.0
STM1281,0.0,1.0
STM1282,2.0,7.0
STM1283,16.0,15.0
STM1284,17.0,19.0
STM1285,31.0,35.0
STM1286,68.0,113.0
STM1287,4.0,0.0
STM1288,11.0,14.0
STM1289,28.0,20.0
STM1290,552.0,728.0
STM1291,19.0,36.0
STM1292,26.0,22.0
STM1293,11.0,19.0
STM1294,26.0,23.0
STM1295,57.0,52.0
STM1296,17.0,14.0
STM1297,52.0,45.0
STM1298,94.0,70.0
STM1299,54.0,68.0
STM1300,16.0,15.0
STM1301,14.0,20.0
STM1302,8.0,16.0
STM1303,0.0,4.0
STM1304,3.0,0.0
STM1305,1.0,3.0
STM1306,5.0,1.0
STM1307,2.0,0.0
STM1308,4.0,13.0
STM1309,9.0,4.0
STM1310,31.0,41.0
STM1311,22.0,26.0
STM1312,14.0,13.0
STM1313,16.0,18.0
STM1314,5.0,5.0
STM1315,5.0,4.0
STM1316,7.0,8.0
STM1317,6.0,6.0
STM1318,6.0,12.0
STM1319,5.0,3.0
STM1320,123.0,129.0
STM1321,0.0,1.0
STM1322,29.0,34.0
STM1323,10.0,13.0
STM1324,22.0,26.0
STM1325,14.0,2.0
STM1326,23.0,29.0
STM1327,23.0,46.0
STM1328,3.0,5.0
STM1329,0.0,3.0
STM1330,5.0,4.0
STM1331,0.0,0.0
STM1332,21.0,18.0
STM1333,529.0,550.0
STM1334,646.0,631.0
STM1335,277.0,338.0
STM1336,263.0,810.0
STM1337,75.0,55.0
STM1338,365.0,410.0
STM1339,68.0,90.0
STM1340,20.0,20.0
STM1341,12.0,12.0
STM1342,4.0,11.0
STM1343,3.0,4.0
STM1344,4.0,3.0
STM1345,52.0,55.0
STM1346,6.0,3.0
STM1347,18.0,21.0
STM1348,10.0,8.0
STM1349,340.0,408.0
STM1350,9.0,4.0
STM1351,0.0,1.0
STM1352,2.0,2.0
STM1353,4.0,6.0
STM1354,1.0,0.0
STM1355,0.0,0.0
STM1356,1.0,5.0
STM1357,2.0,0.0
STM1358,6.0,3.0
STM1359,1.0,3.0
STM1360,0.0,2.0
STM1361,0.0,0.0
STM1362,0.0,1.0
STM1364,14.0,14.0
STM1365,104.0,84.0
STM1366,7.0,7.0
STM1367,8.0,5.0
STM1368,7.0,7.0
STM1369,2.0,4.0
STM1370,10.0,5.0
STM1371,3.0,1.0
STM1372,10.0,5.0
STM1373,7.0,9.0
STM1374,2.0,3.0
STM1375,16.0,25.0
STM1376,1.0,1.0
STM1377,2048.0,2744.0
STM1378,113.0,147.0
STM1379,0.0,6.0
STM1380,2.0,11.0
STM1381,1.0,0.0
STM1382,0.0,1.0
STM1383,1.0,1.0
STM1384,2.0,0.0
STM1385,2.0,0.0
STM1386,136.0,120.0
STM1387,15.0,19.0
STM1388,11.0,10.0
STM1389,27.0,30.0
STM1390,4.0,3.0
STM1391,0.0,1.0
STM1392,5.0,5.0
STM1393,0.0,3.0
STM1394,1.0,1.0
STM1395,0.0,2.0
STM1396,0.0,0.0
STM1397,0.0,1.0
STM1398,3.0,5.0
STM1399,1.0,0.0
STM1400,8.0,6.0
STM1401,1.0,3.0
STM1402,0.0,0.0
STM1403,0.0,0.0
STM1404,2.0,2.0
STM1405,1.0,1.0
STM1406,2.0,0.0
STM1407,0.0,0.0
STM1408,0.0,0.0
STM1409,0.0,2.0
STM1410,1.0,0.0
STM1411,0.0,0.0
STM1412,1.0,5.0
STM1413,0.0,0.0
STM1414,0.0,1.0
STM1415,2.0,5.0
STM1416,0.0,1.0
STM1417,2.0,0.0
STM1418,3.0,1.0
STM1419,1.0,2.0
STM1420,1.0,0.0
STM1421,1.0,0.0
STM1422,10.0,9.0
STM1425,19.0,17.0
STM1426,27.0,24.0
STM1427,35.0,50.0
STM1428,11.0,9.0
STM1429,4.0,2.0
STM1430,37.0,31.0
STM1431,118.0,156.0
STM1432,15.0,19.0
STM1433,102.0,224.0
STM1434,19.0,28.0
STM1435,28.0,22.0
STM1436,15.0,31.0
STM1437,7.0,7.0
STM1438,0.0,0.0
STM1439,33.0,41.0
STM1440,13.0,5.0
STM1441,14.0,12.0
STM1442,5.0,3.0
STM1443,1.0,1.0
STM1444,22.0,21.0
STM1445,187.0,187.0
STM1446,20.0,17.0
STM1447,4.0,1.0
STM1448,21.0,11.0
STM1449,241.0,534.0
STM1450,35.0,38.0
STM1451,30.0,30.0
STM1452,108.0,97.0
STM1453,16.0,9.0
STM1454,27.0,23.0
STM1455,17.0,14.0
STM1456,21.0,30.0
STM1457,89.0,104.0
STM1458,9.0,14.0
STM1459,11.0,19.0
STM1460,16.0,13.0
STM1461,6.0,7.0
STM1462,27.0,23.0
STM1463,80.0,84.0
STM1466,103.0,133.0
STM1467,53.0,63.0
STM1468,108.0,113.0
STM1469,31.0,26.0
STM1470,4.0,6.0
STM1471,6.0,1.0
STM1472,1.0,1.0
STM1473,1.0,4.0
STM1475,52.0,134.0
STM1476,0.0,3.0
STM1477,18.0,15.0
STM1478,56.0,63.0
STM1479,125.0,142.0
STM1480,117.0,135.0
STM1481,2.0,4.0
STM1482,3.0,4.0
STM1483,1.0,4.0
STM1484,6.0,8.0
STM1485,6.0,9.0
STM1486,4.0,4.0
STM1487,4.0,9.0
STM1488,46.0,44.0
STM1489,71.0,51.0
STM1490,4.0,8.0
STM1491,2.0,9.0
STM1492,0.0,0.0
STM1493,1.0,1.0
STM1494,1.0,1.0
STM1495,11.0,8.0
STM1496,12.0,15.0
STM1497,3.0,2.0
STM1498,47.0,37.0
STM1499,39.0,43.0
STM1500,5.0,8.0
STM1501,11.0,17.0
STM1502,23.0,22.0
STM1503,26.0,17.0
STM1504,0.0,0.0
STM1505,7.0,4.0
STM1506,1.0,1.0
STM1507,3.0,3.0
STM1508,15.0,16.0
STM1509,3.0,3.0
STM1510,23.0,25.0
STM1511,44.0,52.0
STM1512,49.0,40.0
STM1513,3.0,5.0
STM1514,1.0,1.0
STM1515,0.0,1.0
STM1516,12.0,7.0
STM1517,8.0,18.0
STM1518,1.0,4.0
STM1519,3.0,3.0
STM1520,0.0,2.0
STM1521,7.0,11.0
STM1522,2.0,3.0
STM1523,0.0,0.0
STM1524,6.0,13.0
STM1525,12.0,17.0
STM1526,1.0,1.0
STM1527,4.0,11.0
STM1528,0.0,0.0
STM1529,0.0,0.0
STM1530,1.0,0.0
STM1531,2.0,1.0
STM1532,0.0,2.0
STM1533,3.0,4.0
STM1534,0.0,2.0
STM1535,4.0,1.0
STM1536,4.0,2.0
STM1537,2.0,8.0
STM1538,3.0,4.0
STM1539,1.0,3.0
STM1540,1.0,2.0
STM1541,17.0,10.0
STM1542,6.0,5.0
STM1543,5.0,4.0
STM1544,2.0,0.0
STM1545,3.0,1.0
STM1546,2.0,1.0
STM1547,4.0,4.0
STM1548,2.0,4.0
STM1549,1.0,3.0
STM1550,3.0,0.0
STM1551,4.0,13.0
STM1552,5.0,5.0
STM1554,14.0,15.0
STM1555,3.0,7.0
STM1556,0.0,0.0
STM1557,2.0,4.0
STM1558,5.0,9.0
STM1559,3.0,4.0
STM1560,3.0,3.0
STM1561,1.0,1.0
STM1562,4.0,9.0
STM1563,5.0,37.0
STM1564,0.0,1.0
STM1565,9.0,6.0
STM1566,108.0,125.0
STM1567,11.0,17.0
STM1568,19.0,15.0
STM1569,21.0,14.0
STM1570,148.0,126.0
STM1571,1.0,1.0
STM1572,1898.0,2088.0
STM1573,17.0,10.0
STM1574,30.0,26.0
STM1575,7.0,8.0
STM1576,2.0,2.0
STM1577,8.0,6.0
STM1578,2.0,1.0
STM1579,0.0,2.0
STM1580,2.0,1.0
STM1581,12.0,12.0
STM1582,8.0,10.0
STM1583,28.0,28.0
STM1584,29.0,33.0
STM1585,1.0,1.0
STM1586,11.0,22.0
STM1587,7.0,5.0
STM1588,3.0,1.0
STM1589,12.0,24.0
STM1590,3.0,3.0
STM1591,6.0,6.0
STM1592,3.0,6.0
STM1593,95.0,99.0
STM1594,187.0,223.0
STM1595,155.0,151.0
STM1596,10.0,18.0
STM1597,9.0,15.0
STM1598,16.0,11.0
STM1599,5.0,6.0
STM1600,0.0,0.0
STM1601,2.0,6.0
STM1602,2.0,0.0
STM1603,1.0,0.0
STM1604,47.0,56.0
STM1605,3.0,5.0
STM1606,6.0,19.0
STM1607,58.0,392.0
STM1608,19.0,9.0
STM1609,11.0,19.0
STM1610,3.0,5.0
STM1611,4.0,4.0
STM1612,1.0,2.0
STM1613,1.0,0.0
STM1614,1.0,0.0
STM1615,3.0,1.0
STM1616,2.0,3.0
STM1617,0.0,0.0
STM1618,0.0,3.0
STM1619,3.0,2.0
STM1620,1.0,3.0
STM1621,0.0,1.0
STM1622,50.0,65.0
STM1623,19.0,15.0
STM1624,8.0,5.0
STM1625,10.0,5.0
STM1626,124.0,124.0
STM1627,33.0,32.0
STM1628,1.0,6.0
STM1629,1.0,6.0
STM1630,0.0,0.0
STM1631,0.0,0.0
STM1632,0.0,0.0
STM1633,1.0,4.0
STM1634,0.0,3.0
STM1635,1.0,1.0
STM1636,0.0,0.0
STM1637,0.0,1.0
STM1638,16.0,27.0
STM1639,11.0,35.0
STM1640,22.0,22.0
STM1641,127.0,137.0
STM1642,3.0,11.0
STM1643,6.0,6.0
STM1644,2.0,4.0
STM1645,0.0,1.0
STM1646,29.0,29.0
STM1647,41.0,69.0
STM1648,14.0,7.0
STM1649,5.0,6.0
STM1650,0.0,0.0
STM1651,80.0,67.0
STM1652,18.0,26.0
STM1653,5.0,3.0
STM1654,21.0,18.0
STM1655,21.0,21.0
STM1656,7.0,8.0
STM1657,9.0,13.0
STM1658,6.0,12.0
STM1659,8.0,11.0
STM1660,54.0,50.0
STM1661,79.0,77.0
STM1662,11.0,14.0
STM1663,7.0,10.0
STM1664,8.0,9.0
STM1665,2.0,4.0
STM1667,0.0,1.0
STM1668,2.0,0.0
STM1669,1.0,0.0
STM1670,0.0,0.0
STM1671,2.0,0.0
STM1672,19.0,20.0
STM1673,0.0,2.0
STM1674,1.0,0.0
STM1675,2.0,3.0
STM1676,9.0,7.0
STM1677,1.0,4.0
STM1678,6.0,13.0
STM1679,53.0,54.0
STM1680,12.0,10.0
STM1681,14.0,8.0
STM1682,125.0,148.0
STM1683,66.0,50.0
STM1684,25.0,19.0
STM1685,31.0,31.0
STM1686,17.0,10.0
STM1687,2.0,0.0
STM1688,0.0,0.0
STM1689,1.0,0.0
STM1690,16.0,19.0
STM1691,6.0,2.0
STM1692,22.0,30.0
STM1693,12.0,6.0
STM1694,11.0,12.0
STM1695,25.0,20.0
STM1696,14.0,17.0
STM1697,5.0,2.0
STM1698,7.0,6.0
STM1698A,0.0,0.0
STM1699,3.0,4.0
STM1700,189.0,403.0
STM1701,3.0,2.0
STM1702,104.0,131.0
STM1703,5.0,8.0
STM1704,26.0,25.0
STM1705,19.0,23.0
STM1706,4.0,4.0
STM1707,16.0,14.0
STM1708,26.0,29.0
STM1709,16.0,19.0
STM1710,13.0,7.0
STM1711,27.0,24.0
STM1712,32.0,46.0
STM1713,15.0,24.0
STM1714,209.0,213.0
STM1715,21.0,44.0
STM1716,63.0,80.0
STM1717,34.0,25.0
STM1718,13.0,16.0
STM1719,58.0,54.0
STM1720,17.0,18.0
STM1721,16.0,20.0
STM1722,0.0,0.0
STM1723,5.0,2.0
STM1724,4.0,2.0
STM1725,7.0,10.0
STM1726,5.0,9.0
STM1727,7.0,8.0
STM1728,4.0,5.0
STM1729,0.0,3.0
STM1730,2.0,1.0
STM1731,18.0,25.0
STM1732,166.0,162.0
STM1733,3.0,4.0
STM1734,22.0,35.0
STM1735,21.0,23.0
STM1736,9.0,20.0
STM1737,13.0,13.0
STM1738,19.0,21.0
STM1739,12.0,16.0
STM1740,6.0,12.0
STM1741,4.0,1.0
STM1742,30.0,27.0
STM1743,20.0,19.0
STM1744,8.0,13.0
STM1745,11.0,9.0
STM1746,26.0,29.0
STM1747,26.0,22.0
STM1748,4.0,4.0
STM1749,470.0,500.0
STM1750,11.0,15.0
STM1751,356.0,620.0
STM1752,79.0,125.0
STM1753,26.0,36.0
STM1754,41.0,45.0
STM1755,15.0,20.0
STM1756,22.0,27.0
STM1760,11.0,8.0
STM1761,13.0,13.0
STM1762,15.0,16.0
STM1763,55.0,48.0
STM1764,279.0,281.0
STM1765,160.0,173.0
STM1766,13.0,12.0
STM1767,3.0,5.0
STM1768,25.0,22.0
STM1769,19.0,18.0
STM1770,3.0,39.0
STM1771,13.0,20.0
STM1772,147.0,165.0
STM1773,34.0,39.0
STM1774,5.0,5.0
STM1775,28.0,18.0
STM1776,49.0,52.0
STM1777,99.0,94.0
STM1778,14.0,14.0
STM1779,33.0,39.0
STM1780,198.0,229.0
STM1781,23.0,22.0
STM1782,21.0,23.0
STM1783,3.0,19.0
STM1784,53.0,65.0
STM1785,10.0,11.0
STM1786,0.0,0.0
STM1787,1.0,0.0
STM1788,0.0,0.0
STM1789,0.0,0.0
STM1790,0.0,0.0
STM1791,0.0,1.0
STM1792,1.0,0.0
STM1793,1.0,1.0
STM1794,0.0,0.0
STM1795,67.0,78.0
STM1796,12.0,12.0
STM1797,0.0,1.0
STM1798,22.0,19.0
STM1799,9.0,12.0
STM1800,4.0,12.0
STM1801,62.0,61.0
STM1802,26.0,25.0
STM1803,22.0,45.0
STM1804,22.0,15.0
STM1805,30.0,34.0
STM1806,45.0,110.0
STM1807,64.0,61.0
STM1808,3.0,1.0
STM1809,8.0,10.0
STM1810,4.0,15.0
STM1811,4.0,12.0
STM1812,12.0,15.0
STM1813,14.0,14.0
STM1814,34.0,26.0
STM1815,76.0,92.0
STM1816,10.0,18.0
STM1817,7.0,9.0
STM1818,115.0,74.0
STM1819,14.0,16.0
STM1820,51.0,39.0
STM1821,40.0,47.0
STM1822,70.0,75.0
STM1823,6.0,1.0
STM1824,15.0,14.0
STM1825,5.0,4.0
STM1826,168.0,201.0
STM1827,3.0,5.0
STM1828,28.0,18.0
STM1829,8.0,14.0
STM1830,224.0,234.0
STM1831,279.0,266.0
STM1832,196.0,221.0
STM1833,5.0,9.0
STM1834,15.0,10.0
STM1835,10.0,10.0
STM1836,13.0,8.0
STM1837,103.0,107.0
STM1838,18.0,147.0
STM1839,33.0,29.0
STM1840,19.0,23.0
STM1841,1.0,0.0
STM1842,50.0,109.0
STM1843,3.0,3.0
STM1844,67.0,104.0
STM1845,175.0,140.0
STM1846,190.0,186.0
STM1847,80.0,109.0
STM1848,18.0,18.0
STM1849,25.0,30.0
STM1850,15.0,14.0
STM1851,2.0,5.0
STM1852,0.0,0.0
STM1853,1.0,4.0
STM1854,1.0,10.0
STM1855,1.0,6.0
STM1856,1.0,0.0
STM1857,3.0,9.0
STM1858,2.0,2.0
STM1859,1.0,1.0
STM1860,0.0,1.0
STM1861,0.0,0.0
STM1862,1.0,10.0
STM1863,0.0,1.0
STM1864,1.0,4.0
STM1865,0.0,0.0
STM1867,1.0,3.0
STM1868,0.0,0.0
STM1868A,0.0,7.0
STM1869,0.0,0.0
STM1869A,1.0,1.0
STM1870,2.0,2.0
STM1871,1.0,1.0
STM1872,8.0,8.0
STM1873,11.0,14.0
STM1874,32.0,48.0
STM1875,11.0,17.0
STM1876,1.0,3.0
STM1877,1.0,2.0
STM1878,15.0,19.0
STM1879,11.0,14.0
STM1880,7.0,10.0
STM1881,12.0,15.0
STM1882,22.0,19.0
STM1883,3.0,6.0
STM1884,41.0,42.0
STM1885,40.0,30.0
STM1886,186.0,180.0
STM1887,57.0,130.0
STM1888,290.0,307.0
STM1889,36.0,33.0
STM1890,61.0,49.0
STM1891,17.0,19.0
STM1892,3.0,3.0
STM1893,9.0,9.0
STM1894,29.0,26.0
STM1895,25.0,21.0
STM1896,0.0,0.0
STM1897,1.0,1.0
STM1898,34.0,36.0
STM1899,103.0,97.0
STM1900,99.0,99.0
STM1901,322.0,335.0
STM1902,6.0,5.0
STM1903,5.0,6.0
STM1904,15.0,10.0
STM1905,26.0,39.0
STM1906,25.0,26.0
STM1907,15.0,16.0
STM1908,17.0,43.0
STM1909,137.0,172.0
STM1910,2.0,1.0
STM1911,8.0,7.0
STM1912,8.0,7.0
STM1913,61.0,83.0
STM1914,29.0,28.0
STM1915,195.0,230.0
STM1916,146.0,141.0
STM1917,145.0,117.0
STM1918,82.0,106.0
STM1919,303.0,276.0
STM1920,222.0,227.0
STM1921,532.0,533.0
STM1922,130.0,126.0
STM1923,226.0,203.0
STM1924,37.0,36.0
STM1925,17.0,15.0
STM1926,0.0,0.0
STM1927,9.0,13.0
STM1928,7.0,10.0
STM1929,1.0,1.0
STM1931,4.0,2.0
STM1932,2.0,1.0
STM1933,3.0,6.0
STM1934,22.0,14.0
STM1935,41.0,47.0
STM1936,15.0,19.0
STM1937,14.0,17.0
STM1938,32.0,40.0
STM1939,13.0,13.0
STM1940,11.0,12.0
STM1941,4.0,16.0
STM1945,39.0,46.0
STM1946,92.0,75.0
STM1947,36.0,41.0
STM1948,2.0,3.0
STM1949,13.0,33.0
STM1950,42.0,50.0
STM1951,8.0,3.0
STM1952,8.0,9.0
STM1953,20.0,10.0
STM1954,64.0,61.0
STM1955,40.0,43.0
STM1956,195.0,177.0
STM1957,0.0,0.0
STM1958,66.0,80.0
STM1959,1705.0,2232.0
STM1960,264.0,256.0
STM1961,67.0,60.0
STM1962,40.0,37.0
STM1963,14.0,6.0
STM1964,31.0,67.0
STM1965,19.0,26.0
STM1966,3.0,1.0
STM1967,6.0,10.0
STM1968,25.0,29.0
STM1969,178.0,180.0
STM1970,91.0,97.0
STM1971,70.0,81.0
STM1972,111.0,127.0
STM1973,26.0,26.0
STM1974,84.0,94.0
STM1975,65.0,64.0
STM1976,147.0,138.0
STM1977,44.0,50.0
STM1978,44.0,28.0
STM1979,46.0,34.0
STM1980,6.0,6.0
STM1981,4.0,4.0
STM1982,2.0,4.0
STM1984,1.0,3.0
STM1986,2.0,0.0
STM1987,10.0,3.0
STM1988,16.0,13.0
STM1989,27.0,49.0
STM1990,5.0,5.0
STM1991,4.0,6.0
STM1992,23.0,28.0
STM1993,6.0,1.0
STM1994,2.0,1.0
STM1995,2.0,1.0
STM1996,32.0,33.0
STM1997,4.0,4.0
STM1998,1.0,4.0
STM1999,0.0,1.0
STM2001,16.0,19.0
STM2005,1.0,5.0
STM2006,1.0,3.0
STM2007,1.0,1.0
STM2008,2.0,4.0
STM2009,44.0,38.0
STM2010,3.0,0.0
STM2011,2.0,3.0
STM2013,7.0,13.0
STM2015,7.0,16.0
STM2016,12.0,16.0
STM2017,6.0,5.0
STM2018,2.0,5.0
STM2019,16.0,10.0
STM2020,5.0,7.0
STM2021,7.0,4.0
STM2022,1.0,1.0
STM2023,6.0,3.0
STM2024,3.0,11.0
STM2025,13.0,5.0
STM2026,20.0,8.0
STM2027,9.0,8.0
STM2028,21.0,14.0
STM2029,20.0,22.0
STM2030,17.0,23.0
STM2031,17.0,25.0
STM2032,55.0,54.0
STM2033,28.0,28.0
STM2034,56.0,44.0
STM2035,65.0,36.0
STM2036,15.0,12.0
STM2037,6.0,8.0
STM2038,3.0,5.0
STM2039,9.0,8.0
STM2040,20.0,21.0
STM2041,4.0,5.0
STM2042,0.0,0.0
STM2043,5.0,8.0
STM2044,2.0,0.0
STM2045,0.0,1.0
STM2046,1.0,1.0
STM2047,1.0,1.0
STM2048,0.0,1.0
STM2049,0.0,1.0
STM2050,2.0,4.0
STM2051,3.0,0.0
STM2052,2.0,2.0
STM2053,3.0,4.0
STM2054,0.0,1.0
STM2055,1.0,0.0
STM2056,0.0,0.0
STM2057,1.0,1.0
STM2058,6.0,9.0
STM2059,42.0,38.0
STM2060,25.0,49.0
STM2061,68.0,107.0
STM2062,4.0,4.0
STM2063,25.0,16.0
STM2064,11.0,10.0
STM2065,97.0,85.0
STM2066,8.0,7.0
STM2067,24.0,40.0
STM2068,163.0,224.0
STM2069,3.0,8.0
STM2070,23.0,19.0
STM2071,10.0,15.0
STM2072,17.0,21.0
STM2073,5.0,9.0
STM2074,18.0,16.0
STM2075,8.0,9.0
STM2076,14.0,12.0
STM2077,10.0,9.0
STM2078,8.0,14.0
STM2079,56.0,43.0
STM2080,10.0,8.0
STM2081,210.0,269.0
STM2082,86.0,87.0
STM2083,81.0,81.0
STM2084,86.0,97.0
STM2085,31.0,57.0
STM2086,37.0,46.0
STM2087,48.0,53.0
STM2088,50.0,65.0
STM2089,33.0,37.0
STM2090,210.0,227.0
STM2091,162.0,221.0
STM2092,99.0,154.0
STM2093,121.0,134.0
STM2094,56.0,76.0
STM2095,65.0,83.0
STM2096,64.0,59.0
STM2097,83.0,95.0
STM2098,70.0,97.0
STM2099,2.0,2.0
STM2100,2.0,1.0
STM2101,0.0,0.0
STM2102,1.0,1.0
STM2103,0.0,1.0
STM2104,0.0,0.0
STM2105,1.0,0.0
STM2106,0.0,3.0
STM2107,0.0,0.0
STM2108,0.0,2.0
STM2109,1.0,0.0
STM2110,0.0,0.0
STM2111,0.0,0.0
STM2112,0.0,0.0
STM2113,0.0,3.0
STM2114,0.0,0.0
STM2115,3.0,0.0
STM2116,0.0,2.0
STM2117,0.0,0.0
STM2118,0.0,0.0
STM2119,29.0,36.0
STM2120,70.0,53.0
STM2121,24.0,27.0
STM2122,17.0,24.0
STM2123,20.0,18.0
STM2124,5.0,6.0
STM2125,4.0,4.0
STM2126,3.0,1.0
STM2127,1.0,3.0
STM2128,4.0,5.0
STM2129,0.0,2.0
STM2130,7.0,10.0
STM2131,5.0,10.0
STM2133,0.0,0.0
STM2134,0.0,0.0
STM2135,3.0,3.0
STM2136,15.0,19.0
STM2137,0.0,2.0
STM2138,2.0,1.0
STM2139,1.0,0.0
STM2140,4.0,3.0
STM2141,3.0,6.0
STM2142,1.0,2.0
STM2143,2.0,2.0
STM2144,6.0,8.0
STM2145,9.0,9.0
STM2146,2.0,2.0
STM2147,3.0,2.0
STM2148,1.0,12.0
STM2149,0.0,1.0
STM2150,2.0,3.0
STM2151,0.0,0.0
STM2152,0.0,1.0
STM2153,3.0,3.0
STM2154,153.0,188.0
STM2155,102.0,121.0
STM2156,0.0,2.0
STM2156A,1.0,4.0
STM2157,21.0,45.0
STM2158,17.0,13.0
STM2159,35.0,45.0
STM2160,1.0,0.0
STM2161,5.0,17.0
STM2162,10.0,6.0
STM2163,3.0,3.0
STM2164,10.0,5.0
STM2165,4.0,8.0
STM2166,38.0,41.0
STM2167,27.0,29.0
STM2168,34.0,21.0
STM2169,1.0,0.0
STM2170,1.0,4.0
STM2171,3.0,0.0
STM2172,0.0,2.0
STM2173,0.0,5.0
STM2174,1.0,7.0
STM2175,6.0,1.0
STM2176,1.0,3.0
STM2177,2.0,0.0
STM2178,0.0,0.0
STM2179,0.0,1.0
STM2180,3.0,14.0
STM2181,4.0,2.0
STM2182,12.0,7.0
STM2183,50.0,41.0
STM2184,17.0,7.0
STM2185,0.0,4.0
STM2186,9.0,13.0
STM2187,23.0,12.0
STM2188,27.0,33.0
STM2189,43.0,42.0
STM2190,69.0,58.0
STM2191,32.0,36.0
STM2192,4.0,9.0
STM2193,22.0,25.0
STM2194,36.0,79.0
STM2195,1.0,5.0
STM2196,2.0,1.0
STM2197,0.0,0.0
STM2198,2.0,1.0
STM2199,4.0,8.0
STM2200,30.0,47.0
STM2201,20.0,21.0
STM2202,9.0,8.0
STM2203,12.0,15.0
STM2204,7.0,19.0
STM2205,3.0,2.0
STM2206,15.0,13.0
STM2207,4.0,6.0
STM2208,0.0,2.0
STM2209,0.0,0.0
STM2211,35.0,39.0
STM2212,11.0,9.0
STM2213,26.0,25.0
STM2214,100.0,120.0
STM2215,22.0,22.0
STM2216,8.0,13.0
STM2217,9.0,7.0
STM2218,14.0,10.0
STM2219,64.0,45.0
STM2220,18.0,11.0
STM2221,11.0,23.0
STM2222,3.0,14.0
STM2223,18.0,20.0
STM2224,238.0,573.0
STM2225,33.0,35.0
STM2226,40.0,48.0
STM2227,19.0,38.0
STM2228,37.0,24.0
STM2230,1.0,1.0
STM2231,0.0,0.0
STM2232,54.0,78.0
STM2233,0.0,2.0
STM2234,0.0,0.0
STM2235,1.0,1.0
STM2236,0.0,0.0
STM2237,1.0,0.0
STM2238,50.0,214.0
STM2239,0.0,0.0
STM2240,4.0,7.0
STM2241,12.0,11.0
STM2242,0.0,0.0
STM2243,0.0,0.0
STM2244,0.0,0.0
STM2245,0.0,1.0
STM2246,16.0,15.0
STM2247,4.0,1.0
STM2248,0.0,0.0
STM2249,0.0,0.0
STM2250,0.0,0.0
STM2251,0.0,0.0
STM2252,0.0,0.0
STM2253,0.0,0.0
STM2254,0.0,1.0
STM2255,60.0,58.0
STM2256,50.0,52.0
STM2257,102.0,103.0
STM2258,49.0,65.0
STM2259,860.0,831.0
STM2260,29.0,28.0
STM2261,91.0,84.0
STM2262,15.0,17.0
STM2263,19.0,14.0
STM2264,10.0,10.0
STM2265,18.0,11.0
STM2266,19.0,14.0
STM2267,950.0,1180.0
STM2269,54.0,64.0
STM2270,27.0,36.0
STM2271,43.0,44.0
STM2272,568.0,581.0
STM2273,1.0,4.0
STM2274,0.0,1.0
STM2275,2.0,5.0
STM2276,25.0,28.0
STM2277,501.0,563.0
STM2278,113.0,118.0
STM2279,17.0,26.0
STM2280,3.0,7.0
STM2281,35.0,37.0
STM2282,497.0,504.0
STM2283,888.0,887.0
STM2284,694.0,668.0
STM2285,381.0,336.0
STM2286,252.0,292.0
STM2287,10.0,28.0
STM2288,1.0,0.0
STM2289,9.0,0.0
STM2290,5.0,1.0
STM2291,6.0,10.0
STM2292,3.0,3.0
STM2293,36.0,30.0
STM2294,15.0,19.0
STM2295,6.0,4.0
STM2296,29.0,32.0
STM2297,57.0,56.0
STM2298,36.0,26.0
STM2299,136.0,127.0
STM2300,35.0,37.0
STM2301,22.0,43.0
STM2302,4.0,5.0
STM2303,10.0,2.0
STM2304,9.0,9.0
STM2305,83.0,73.0
STM2306,50.0,63.0
STM2307,47.0,38.0
STM2308,27.0,22.0
STM2309,164.0,152.0
STM2310,31.0,30.0
STM2311,10.0,12.0
STM2312,11.0,10.0
STM2313,4.0,6.0
STM2314,201.0,250.0
STM2315,21.0,16.0
STM2316,179.0,193.0
STM2317,193.0,238.0
STM2318,274.0,305.0
STM2319,39.0,40.0
STM2320,100.0,124.0
STM2321,56.0,74.0
STM2322,122.0,128.0
STM2323,649.0,634.0
STM2324,322.0,308.0
STM2325,142.0,117.0
STM2326,507.0,559.0
STM2327,125.0,139.0
STM2328,76.0,82.0
STM2329,1.0,9.0
STM2330,13.0,36.0
STM2331,45.0,40.0
STM2332,15.0,15.0
STM2333,54.0,43.0
STM2334,45.0,37.0
STM2335,45.0,42.0
STM2336,7.0,16.0
STM2337,385.0,426.0
STM2338,1990.0,1963.0
STM2339,21.0,17.0
STM2340,175.0,163.0
STM2341,104.0,98.0
STM2342,254.0,277.0
STM2343,45.0,59.0
STM2344,51.0,58.0
STM2345,34.0,23.0
STM2346,32.0,29.0
STM2347,22.0,27.0
STM2348,15.0,11.0
STM2349,3.0,2.0
STM2350,8.0,5.0
STM2351,12.0,5.0
STM2352,5.0,7.0
STM2353,14.0,15.0
STM2354,40.0,46.0
STM2355,0.0,4.0
STM2356,8.0,9.0
STM2357,9.0,11.0
STM2358,0.0,2.0
STM2359,0.0,1.0
STM2360,2.0,2.0
STM2361,132.0,119.0
STM2362,39.0,37.0
STM2363,14.0,23.0
STM2364,66.0,46.0
STM2365,81.0,59.0
STM2366,108.0,224.0
STM2367,25.0,19.0
STM2368,23.0,20.0
STM2369,48.0,62.0
STM2370,71.0,91.0
STM2371,15.0,14.0
STM2372,13.0,19.0
STM2373,0.0,0.0
STM2374,0.0,2.0
STM2375,1.0,1.0
STM2376,1.0,1.0
STM2377,6.0,7.0
STM2378,519.0,550.0
STM2379,45.0,63.0
STM2380,12.0,18.0
STM2381,15.0,11.0
STM2382,21.0,19.0
STM2383,17.0,23.0
STM2384,46.0,48.0
STM2385,27.0,19.0
STM2386,6.0,9.0
STM2387,38.0,42.0
STM2388,37.0,25.0
STM2389,8.0,4.0
STM2390,51.0,48.0
STM2391,70.0,103.0
STM2392,44.0,72.0
STM2393,3.0,2.0
STM2395,4.0,5.0
STM2396,12.0,11.0
STM2397,23.0,15.0
STM2398,7.0,8.0
STM2399,2.0,1.0
STM2400,7.0,2.0
STM2401,32.0,37.0
STM2402,64.0,58.0
STM2403,50.0,62.0
STM2404,4.0,11.0
STM2405,10.0,13.0
STM2406,29.0,32.0
STM2407,4.0,4.0
STM2408,9.0,5.0
STM2409,174.0,199.0
STM2410,19.0,13.0
STM2413,17.0,9.0
STM2414,19.0,21.0
STM2415,105.0,129.0
STM2420,0.0,1.0
STM2421,0.0,0.0
STM2422,0.0,0.0
STM2423,2.0,1.0
STM2424,9.0,3.0
STM2425,13.0,12.0
STM2426,7.0,2.0
STM2427,84.0,82.0
STM2428,192.0,208.0
STM2429,9.0,16.0
STM2430,95.0,100.0
STM2431,103.0,122.0
STM2432,306.0,387.0
STM2433,202.0,274.0
STM2434,4.0,1.0
STM2435,7.0,2.0
STM2436,8.0,3.0
STM2437,0.0,2.0
STM2438,5.0,3.0
STM2439,4.0,11.0
STM2440,17.0,17.0
STM2441,86.0,84.0
STM2442,26.0,17.0
STM2443,21.0,26.0
STM2444,20.0,17.0
STM2445,83.0,133.0
STM2446,101.0,97.0
STM2447,22.0,21.0
STM2448,11.0,8.0
STM2449,17.0,64.0
STM2450,8.0,14.0
STM2451,8.0,10.0
STM2452,3.0,2.0
STM2453,3.0,4.0
STM2454,5.0,2.0
STM2455,1.0,5.0
STM2456,3.0,0.0
STM2457,2.0,2.0
STM2458,1.0,1.0
STM2459,2.0,1.0
STM2460,0.0,1.0
STM2461,0.0,0.0
STM2462,1.0,2.0
STM2463,0.0,1.0
STM2464,0.0,0.0
STM2465,0.0,1.0
STM2466,0.0,0.0
STM2467,0.0,1.0
STM2468,0.0,1.0
STM2469,1.0,1.0
STM2470,0.0,0.0
STM2471,0.0,0.0
STM2472,291.0,326.0
STM2473,7.0,7.0
STM2474,20.0,13.0
STM2475,12.0,3.0
STM2476,6.0,3.0
STM2477,19.0,17.0
STM2478,5.0,2.0
STM2479,18.0,26.0
STM2480,10.0,6.0
STM2481,11.0,10.0
STM2482,11.0,11.0
STM2483,58.0,47.0
STM2484,1.0,4.0
STM2485,43.0,36.0
STM2486,17.0,16.0
STM2487,8.0,9.0
STM2488,153.0,175.0
STM2489,120.0,156.0
STM2490,21.0,48.0
STM2491,41.0,54.0
STM2492,12.0,9.0
STM2493,27.0,25.0
STM2494,73.0,50.0
STM2495,17.0,14.0
STM2496,31.0,27.0
STM2497,26.0,37.0
STM2498,58.0,59.0
STM2499,28.0,28.0
STM2500,13.0,10.0
STM2501,99.0,99.0
STM2502,102.0,82.0
STM2503,7.0,5.0
STM2504,0.0,0.0
STM2505,3.0,1.0
STM2506,1.0,0.0
STM2507,6.0,1.0
STM2508,1.0,2.0
STM2509,0.0,1.0
STM2510,246.0,260.0
STM2511,138.0,127.0
STM2512,25.0,30.0
STM2513,13.0,6.0
STM2514,30.0,24.0
STM2515,14.0,13.0
STM2516,0.0,0.0
STM2517,1.0,0.0
STM2518,4.0,5.0
STM2519,91.0,112.0
STM2520,158.0,212.0
STM2521,71.0,74.0
STM2522,138.0,116.0
STM2523,147.0,127.0
STM2524,109.0,113.0
STM2525,79.0,98.0
STM2526,127.0,148.0
STM2527,9.0,10.0
STM2528,12.0,10.0
STM2529,10.0,6.0
STM2530,85.0,79.0
STM2531,16.0,7.0
STM2532,147.0,153.0
STM2533,31.0,31.0
STM2534,4.0,1.0
STM2535,46.0,47.0
STM2536,57.0,82.0
STM2537,19.0,23.0
STM2538,24.0,35.0
STM2539,160.0,117.0
STM2540,31.0,27.0
STM2541,41.0,50.0
STM2542,35.0,46.0
STM2543,113.0,130.0
STM2544,37.0,53.0
STM2545,62.0,78.0
STM2546,43.0,70.0
STM2547,3.0,4.0
STM2548,0.0,0.0
STM2549,1.0,1.0
STM2550,3.0,3.0
STM2551,2.0,6.0
STM2552,4.0,6.0
STM2553,17.0,15.0
STM2554,19.0,19.0
STM2555,190.0,199.0
STM2556,6.0,7.0
STM2557,28.0,61.0
STM2558,628.0,673.0
STM2559,1763.0,1865.0
STM2560,94.0,92.0
STM2561,61.0,53.0
STM2562,37.0,20.0
STM2563,12.0,13.0
STM2564,34.0,30.0
STM2565,214.0,221.0
STM2566,0.0,1.0
STM2567,9.0,11.0
STM2568,8.0,7.0
STM2569,21.0,18.0
STM2570,27.0,26.0
STM2571,23.0,24.0
STM2572,4.0,7.0
STM2573,1.0,2.0
STM2574,0.0,1.0
STM2575,0.0,1.0
STM2576,5.0,2.0
STM2577,23.0,16.0
STM2578,28.0,30.0
STM2579,17.0,17.0
STM2580,57.0,55.0
STM2581,46.0,47.0
STM2582,158.0,171.0
STM2583,204.0,231.0
STM2584,3.0,23.0
STM2585,2.0,5.0
STM2585A,0.0,0.0
STM2586,0.0,0.0
STM2587,0.0,0.0
STM2588,2.0,2.0
STM2589,1.0,1.0
STM2590,1.0,1.0
STM2591,0.0,0.0
STM2592,1.0,1.0
STM2593,1.0,0.0
STM2594,10.0,6.0
STM2595,0.0,0.0
STM2596,0.0,0.0
STM2597,2.0,1.0
STM2598,0.0,0.0
STM2599,60.0,44.0
STM2600,7.0,2.0
STM2601,0.0,0.0
STM2602,1.0,1.0
STM2603,1.0,1.0
STM2604,0.0,0.0
STM2605,0.0,2.0
STM2606,3.0,1.0
STM2607,0.0,1.0
STM2608,2.0,1.0
STM2609,0.0,1.0
STM2610,1.0,6.0
STM2611,0.0,1.0
STM2612,0.0,0.0
STM2613,0.0,0.0
STM2614,0.0,0.0
STM2616,0.0,0.0
STM2617,1.0,0.0
STM2618,0.0,0.0
STM2619,0.0,0.0
STM2620,1.0,0.0
STM2621,0.0,0.0
STM2622,0.0,0.0
STM2623,0.0,0.0
STM2624,0.0,0.0
STM2625,0.0,0.0
STM2626,0.0,0.0
STM2627,0.0,0.0
STM2628,0.0,0.0
STM2629,0.0,0.0
STM2630,0.0,0.0
STM2631,0.0,0.0
STM2632,0.0,0.0
STM2633,0.0,0.0
STM2634,0.0,0.0
STM2635,0.0,0.0
STM2636,13.0,6.0
STM2637,17.0,15.0
STM2638,56.0,49.0
STM2639,61.0,56.0
STM2640,76.0,82.0
STM2641,3.0,6.0
STM2642,9.0,8.0
STM2643,49.0,79.0
STM2644,7.0,11.0
STM2645,6.0,8.0
STM2646,409.0,447.0
STM2647,32.0,24.0
STM2648,64.0,68.0
STM2649,6.0,15.0
STM2650,13.0,11.0
STM2651,158.0,213.0
STM2652,106.0,107.0
STM2653,4.0,4.0
STM2654,5.0,4.0
STM2655,1.0,2.0
STM2660,194.0,223.0
STM2661,39.0,27.0
STM2662,51.0,74.0
STM2663,61.0,131.0
STM2665,300.0,365.0
STM2666,1.0,1.0
STM2667,11.0,11.0
STM2668,6.0,3.0
STM2669,29.0,23.0
STM2670,19.0,38.0
STM2671,3.0,2.0
STM2672,16.0,6.0
STM2673,534.0,1062.0
STM2674,659.0,633.0
STM2675,742.0,698.0
STM2676,398.0,525.0
STM2677,115.0,159.0
STM2678,15.0,72.0
STM2679,71.0,79.0
STM2680,3.0,6.0
STM2681,90.0,220.0
STM2682,0.0,1.0
STM2683,11.0,13.0
STM2684,43.0,60.0
STM2685,50.0,68.0
STM2686,12.0,6.0
STM2687,16.0,23.0
STM2688,26.0,28.0
STM2690,11.0,5.0
STM2691,0.0,2.0
STM2692,0.0,1.0
STM2694,0.0,0.0
STM2695,2.0,0.0
STM2696,1.0,0.0
STM2697,0.0,3.0
STM2698,0.0,0.0
STM2699,0.0,0.0
STM2700,1.0,1.0
STM2701,0.0,2.0
STM2702,0.0,4.0
STM2703,0.0,0.0
STM2704,0.0,0.0
STM2705,0.0,1.0
STM2706,1.0,1.0
STM2707,0.0,0.0
STM2708,0.0,1.0
STM2709,0.0,0.0
STM2710,0.0,0.0
STM2711,0.0,0.0
STM2712,0.0,0.0
STM2713,0.0,0.0
STM2714,0.0,0.0
STM2715,0.0,0.0
STM2716,0.0,0.0
STM2717,0.0,0.0
STM2718,0.0,0.0
STM2719,0.0,0.0
STM2720,1.0,0.0
STM2721,0.0,0.0
STM2722,1.0,0.0
STM2723,0.0,0.0
STM2724,0.0,0.0
STM2726,0.0,0.0
STM2727,0.0,1.0
STM2728,0.0,0.0
STM2729,0.0,0.0
STM2730,0.0,0.0
STM2731,0.0,0.0
STM2732,0.0,0.0
STM2733,1.0,0.0
STM2734,0.0,0.0
STM2735,0.0,0.0
STM2736,0.0,0.0
STM2737,0.0,0.0
STM2738,0.0,0.0
STM2739,0.0,0.0
STM2740,6.0,9.0
STM2741,2.0,4.0
STM2742,15.0,18.0
STM2743,6.0,8.0
STM2744,0.0,1.0
STM2745,0.0,1.0
STM2746,43.0,70.0
STM2747,5.0,9.0
STM2748,8.0,7.0
STM2749,1.0,0.0
STM2750,1.0,0.0
STM2751,0.0,0.0
STM2752,0.0,1.0
STM2753,4.0,3.0
STM2754,5.0,11.0
STM2755,1.0,1.0
STM2756,0.0,1.0
STM2757,0.0,0.0
STM2758,1.0,0.0
STM2759,3.0,3.0
STM2760,0.0,1.0
STM2761,4.0,3.0
STM2762,2.0,7.0
STM2763,6.0,4.0
STM2764,0.0,0.0
STM2765,0.0,0.0
STM2766,11.0,13.0
STM2767,107.0,104.0
STM2770,1.0,1.0
STM2771,50.0,51.0
STM2772,0.0,2.0
STM2773,5.0,14.0
STM2774,11.0,5.0
STM2775,2.0,9.0
STM2776,0.0,1.0
STM2777,4.0,3.0
STM2779,3.0,3.0
STM2780,6.0,7.0
STM2781,34.0,36.0
STM2782,45.0,145.0
STM2783,4.0,5.0
STM2784,2.0,9.0
STM2785,6.0,4.0
STM2786,6.0,4.0
STM2787,1.0,0.0
STM2788,3.0,10.0
STM2789,1.0,2.0
STM2790,3.0,2.0
STM2791,0.0,0.0
STM2792,6.0,6.0
STM2793,1.0,5.0
STM2794,1.0,1.0
STM2795,0.0,3.0
STM2796,2.0,3.0
STM2797,3.0,2.0
STM2798,11.0,5.0
STM2799,49.0,143.0
STM2800,12.0,10.0
STM2801,1.0,1.0
STM2802,8.0,6.0
STM2803,7.0,5.0
STM2804,1.0,0.0
STM2805,3.0,3.0
STM2806,0.0,2.0
STM2807,4.0,3.0
STM2808,2.0,7.0
STM2809,5.0,1.0
STM2810,1.0,1.0
STM2811,3.0,5.0
STM2812,5.0,10.0
STM2813,66.0,71.0
STM2814,66.0,63.0
STM2815,41.0,27.0
STM2816,0.0,1.0
STM2817,62.0,104.0
STM2818,152.0,160.0
STM2819,22.0,38.0
STM2820,41.0,46.0
STM2826,43.0,69.0
STM2827,433.0,447.0
STM2828,3.0,7.0
STM2829,241.0,237.0
STM2830,16.0,16.0
STM2831,10.0,8.0
STM2832,3.0,4.0
STM2833,4.0,6.0
STM2834,1.0,2.0
STM2835,3.0,10.0
STM2836,65.0,140.0
STM2837,55.0,56.0
STM2838,60.0,49.0
STM2839,22.0,20.0
STM2840,0.0,1.0
STM2841,3.0,1.0
STM2842,28.0,21.0
STM2843,2.0,0.0
STM2844,3.0,11.0
STM2845,1.0,1.0
STM2846,1.0,1.0
STM2847,2.0,1.0
STM2848,0.0,1.0
STM2849,6.0,4.0
STM2850,1.0,0.0
STM2851,1.0,3.0
STM2852,0.0,1.0
STM2853,1.0,0.0
STM2854,21.0,22.0
STM2855,122.0,117.0
STM2856,25.0,25.0
STM2857,90.0,99.0
STM2858,101.0,105.0
STM2859,88.0,85.0
STM2860,5.0,1.0
STM2861,6.0,7.0
STM2862,4.0,4.0
STM2863,1.0,4.0
STM2864,3.0,4.0
STM2865,11.0,8.0
STM2866,1.0,8.0
STM2867,20.0,22.0
STM2868,8.0,5.0
STM2869,17.0,19.0
STM2870,14.0,10.0
STM2871,12.0,16.0
STM2872,3.0,7.0
STM2873,8.0,5.0
STM2874,29.0,33.0
STM2875,14.0,9.0
STM2876,6.0,6.0
STM2877,1.0,0.0
STM2878,47.0,91.0
STM2879,7.0,17.0
STM2880,8.0,17.0
STM2881,2.0,0.0
STM2882,8.0,20.0
STM2883,5.0,9.0
STM2884,17.0,27.0
STM2885,28.0,35.0
STM2886,8.0,12.0
STM2887,5.0,3.0
STM2888,2.0,0.0
STM2889,0.0,2.0
STM2890,4.0,1.0
STM2891,1.0,3.0
STM2892,3.0,12.0
STM2893,4.0,7.0
STM2894,14.0,14.0
STM2895,4.0,7.0
STM2896,17.0,12.0
STM2897,6.0,9.0
STM2898,20.0,15.0
STM2899,8.0,9.0
STM2900,1.0,7.0
STM2901,8.0,6.0
STM2902,6.0,3.0
STM2903,0.0,1.0
STM2904,3.0,3.0
STM2905,1.0,3.0
STM2906,2.0,0.0
STM2907,0.0,2.0
STM2908,2.0,28.0
STM2909,127.0,114.0
STM2910,0.0,1.0
STM2911,1.0,0.0
STM2912,3.0,3.0
STM2913,6.0,8.0
STM2914,2.0,2.0
STM2915,3.0,1.0
STM2916,0.0,2.0
STM2917,9.0,4.0
STM2918,5.0,6.0
STM2919,4.0,7.0
STM2920,3.0,4.0
STM2921,0.0,0.0
STM2922,0.0,0.0
STM2923,0.0,0.0
STM2924,112.0,135.0
STM2925,123.0,113.0
STM2926,32.0,42.0
STM2927,17.0,25.0
STM2928,82.0,79.0
STM2929,40.0,27.0
STM2930,29.0,11.0
STM2931,8.0,13.0
STM2932,3.0,3.0
STM2933,16.0,16.0
STM2934,59.0,48.0
STM2935,22.0,13.0
STM2936,32.0,37.0
STM2937,0.0,0.0
STM2938,0.0,0.0
STM2939,0.0,0.0
STM2940,171.0,150.0
STM2941,396.0,408.0
STM2942,104.0,131.0
STM2943,407.0,392.0
STM2944,10.0,12.0
STM2945,4.0,9.0
STM2946,31.0,30.0
STM2947,107.0,139.0
STM2948,77.0,68.0
STM2949,10.0,16.0
STM2950,16.0,23.0
STM2951,29.0,60.0
STM2952,805.0,869.0
STM2953,579.0,651.0
STM2954,17.0,26.0
STM2955,10.0,6.0
STM2956,196.0,191.0
STM2957,95.0,113.0
STM2958,63.0,74.0
STM2959,8.0,7.0
STM2960,11.0,12.0
STM2961,10.0,13.0
STM2962,8.0,9.0
STM2963,31.0,32.0
STM2964,20.0,13.0
STM2965,3.0,9.0
STM2967,8.0,12.0
STM2968,16.0,14.0
STM2969,603.0,623.0
STM2970,882.0,947.0
STM2971,743.0,700.0
STM2972,16.0,10.0
STM2973,5.0,6.0
STM2974,0.0,1.0
STM2976,24.0,41.0
STM2977,21.0,18.0
STM2978,5.0,2.0
STM2979,15.0,11.0
STM2980,39.0,36.0
STM2981,8.0,10.0
STM2982,9.0,7.0
STM2983,21.0,28.0
STM2984,21.0,33.0
STM2985,8.0,9.0
STM2986,8.0,8.0
STM2987,15.0,23.0
STM2988,19.0,28.0
STM2991,27.0,42.0
STM2992,6.0,7.0
STM2993,76.0,77.0
STM2994,181.0,171.0
STM2995,42.0,41.0
STM2996,112.0,109.0
STM2997,1.0,1.0
STM2998,0.0,1.0
STM2999,0.0,0.0
STM3000,0.0,0.0
STM3001,41.0,43.0
STM3002,51.0,56.0
STM3003,276.0,249.0
STM3004,51.0,43.0
STM3005,9.0,6.0
STM3006,13.0,25.0
STM3007,17.0,13.0
STM3008,14.0,30.0
STM3009,32.0,21.0
STM3010,121.0,122.0
STM3011,73.0,77.0
STM3012,29.0,18.0
STM3013,18.0,7.0
STM3014,10.0,7.0
STM3015,13.0,16.0
STM3016,1.0,3.0
STM3017,3.0,6.0
STM3018,1.0,2.0
STM3019,14.0,23.0
STM3020,9.0,14.0
STM3021,4.0,6.0
STM3022,4.0,6.0
STM3023,1.0,2.0
STM3024,1.0,2.0
STM3025,2.0,2.0
STM3026,1.0,2.0
STM3027,1.0,1.0
STM3028,4.0,1.0
STM3029,0.0,0.0
STM3030,1.0,1.0
STM3031,0.0,0.0
STM3032,0.0,0.0
STM3033,4.0,13.0
STM3034,17.0,16.0
STM3035,1.0,0.0
STM3036,4.0,5.0
STM3038,15.0,20.0
STM3039,13.0,11.0
STM3040,477.0,607.0
STM3041,132.0,137.0
STM3042,91.0,128.0
STM3043,27.0,25.0
STM3044,27.0,29.0
STM3045,16.0,20.0
STM3046,18.0,12.0
STM3047,4.0,19.0
STM3048,43.0,46.0
STM3049,43.0,41.0
STM3050,9.0,11.0
STM3051,18.0,28.0
STM3052,3.0,2.0
STM3053,994.0,1118.0
STM3054,146.0,201.0
STM3055,160.0,159.0
STM3056,42.0,49.0
STM3057,85.0,86.0
STM3058,91.0,108.0
STM3059,47.0,34.0
STM3060,15.0,26.0
STM3061,13.0,13.0
STM3062,21.0,38.0
STM3063,56.0,80.0
STM3064,4.0,1.0
STM3065,12.0,18.0
STM3066,4.0,10.0
STM3067,27.0,40.0
STM3068,446.0,568.0
STM3069,288.0,333.0
STM3070,75.0,106.0
STM3071,5.0,4.0
STM3072,7.0,9.0
STM3073,7.0,9.0
STM3074,9.0,8.0
STM3075,8.0,5.0
STM3076,610.0,689.0
STM3077,30.0,41.0
STM3078,94.0,131.0
STM3079,2.0,2.0
STM3080,0.0,0.0
STM3081,1.0,0.0
STM3082,2.0,0.0
STM3083,1.0,0.0
STM3084,43.0,62.0
STM3085,2.0,0.0
STM3086,239.0,283.0
STM3087,14.0,10.0
STM3088,7.0,4.0
STM3089,8.0,5.0
STM3090,94.0,122.0
STM3091,216.0,215.0
STM3092,2.0,7.0
STM3093,4.0,6.0
STM3094,13.0,17.0
STM3095,30.0,34.0
STM3096,15.0,19.0
STM3097,3.0,8.0
STM3098,3.0,2.0
STM3099,0.0,1.0
STM3100,21.0,18.0
STM3101,20.0,34.0
STM3102,13.0,10.0
STM3103,21.0,15.0
STM3104,32.0,31.0
STM3105,13.0,15.0
STM3106,178.0,240.0
STM3107,91.0,71.0
STM3108,17.0,63.0
STM3109,67.0,323.0
STM3110,19.0,14.0
STM3111,19.0,9.0
STM3112,17.0,22.0
STM3113,140.0,134.0
STM3114,19.0,28.0
STM3115,0.0,3.0
STM3117,3.0,4.0
STM3118,5.0,5.0
STM3119,4.0,1.0
STM3120,6.0,2.0
STM3121,6.0,7.0
STM3122,12.0,9.0
STM3123,1.0,2.0
STM3124,1.0,0.0
STM3125,2.0,0.0
STM3126,2.0,4.0
STM3127,1.0,5.0
STM3128,1.0,5.0
STM3129,5.0,2.0
STM3130,0.0,4.0
STM3131,2.0,1.0
STM3132,1.0,2.0
STM3133,0.0,3.0
STM3134,88.0,86.0
STM3135,87.0,83.0
STM3136,69.0,77.0
STM3137,62.0,52.0
STM3138,45.0,56.0
STM3139,61.0,68.0
STM3140,8.0,13.0
STM3141,1.0,4.0
STM3142,1.0,4.0
STM3143,7.0,6.0
STM3144,17.0,16.0
STM3145,19.0,27.0
STM3146,36.0,44.0
STM3147,206.0,209.0
STM3148,77.0,86.0
STM3149,68.0,65.0
STM3150,101.0,108.0
STM3151,11.0,13.0
STM3152,165.0,170.0
STM3153,19.0,21.0
STM3154,21.0,30.0
STM3155,3.0,11.0
STM3156,6.0,8.0
STM3157,13.0,15.0
STM3158,21.0,18.0
STM3159,86.0,79.0
STM3160,1.0,1.0
STM3161,11.0,12.0
STM3162,22.0,20.0
STM3163,9.0,18.0
STM3164,15.0,21.0
STM3165,8.0,18.0
STM3166,0.0,0.0
STM3167,5.0,10.0
STM3168,59.0,61.0
STM3169,3.0,7.0
STM3170,0.0,0.0
STM3171,9.0,6.0
STM3172,121.0,131.0
STM3173,40.0,152.0
STM3174,230.0,213.0
STM3175,18.0,15.0
STM3176,27.0,33.0
STM3177,4.0,1.0
STM3178,9.0,7.0
STM3179,8.0,16.0
STM3180,12.0,23.0
STM3181,249.0,240.0
STM3182,34.0,30.0
STM3183,82.0,74.0
STM3184,18.0,15.0
STM3185,18.0,14.0
STM3186,108.0,113.0
STM3187,67.0,79.0
STM3188,92.0,106.0
STM3189,4.0,13.0
STM3190,22.0,29.0
STM3191,1.0,1.0
STM3192,2.0,0.0
STM3193,0.0,0.0
STM3194,2.0,4.0
STM3195,55.0,57.0
STM3196,18.0,27.0
STM3197,9.0,4.0
STM3198,0.0,1.0
STM3199,18.0,16.0
STM3200,130.0,108.0
STM3201,95.0,107.0
STM3202,44.0,31.0
STM3203,23.0,29.0
STM3204,47.0,50.0
STM3205,32.0,58.0
STM3206,4.0,5.0
STM3207,19.0,30.0
STM3208,31.0,24.0
STM3209,218.0,331.0
STM3210,96.0,87.0
STM3211,210.0,262.0
STM3212,7.0,9.0
STM3214,6.0,6.0
STM3215,20.0,41.0
STM3216,288.0,334.0
STM3217,202.0,177.0
STM3218,3.0,4.0
STM3219,26.0,26.0
STM3220,22.0,28.0
STM3221,9.0,9.0
STM3222,1.0,5.0
STM3223,39.0,43.0
STM3224,7.0,4.0
STM3225,45.0,26.0
STM3226,29.0,26.0
STM3227,14.0,11.0
STM3228,17.0,23.0
STM3229,43.0,29.0
STM3230,24.0,13.0
STM3231,7.0,11.0
STM3232,2.0,0.0
STM3233,6.0,11.0
STM3234,8.0,5.0
STM3235,16.0,26.0
STM3236,2.0,2.0
STM3237,11.0,6.0
STM3238,9.0,16.0
STM3239,2.0,6.0
STM3240,41.0,36.0
STM3241,94.0,111.0
STM3242,79.0,65.0
STM3243,131.0,136.0
STM3244,156.0,144.0
STM3245,39.0,36.0
STM3247,16.0,18.0
STM3248,33.0,26.0
STM3249,19.0,25.0
STM3250,31.0,46.0
STM3251,16.0,14.0
STM3252,31.0,29.0
STM3253,0.0,2.0
STM3254,1.0,0.0
STM3255,0.0,3.0
STM3256,0.0,2.0
STM3257,2.0,4.0
STM3258,1.0,2.0
STM3259,0.0,0.0
STM3260,1.0,2.0
STM3261,1.0,1.0
STM3262,81.0,71.0
STM3263,14.0,12.0
STM3264,73.0,78.0
STM3265,6.0,5.0
STM3266,25.0,18.0
STM3267,35.0,27.0
STM3268,7.0,8.0
STM3269,2.0,1.0
STM3270,6.0,18.0
STM3271,10.0,12.0
STM3272,55.0,67.0
STM3273,88.0,81.0
STM3274,43.0,40.0
STM3275,35.0,32.0
STM3276,11.0,12.0
STM3277,0.0,3.0
STM3278,0.0,0.0
STM3279,7.0,6.0
STM3280,372.0,404.0
STM3281,249.0,207.0
STM3282,968.0,928.0
STM3283,244.0,393.0
STM3284,84.0,59.0
STM3285,48.0,51.0
STM3286,835.0,791.0
STM3287,283.0,290.0
STM3288,63.0,56.0
STM3290,9.0,8.0
STM3291,5.0,5.0
STM3293,103.0,98.0
STM3294,133.0,126.0
STM3295,24.0,21.0
STM3296,793.0,793.0
STM3297,62.0,83.0
STM3298,57.0,103.0
STM3299,54.0,59.0
STM3300,32.0,56.0
STM3301,95.0,99.0
STM3303,125.0,297.0
STM3304,460.0,2408.0
STM3305,103.0,144.0
STM3306,3.0,4.0
STM3307,125.0,127.0
STM3308,35.0,63.0
STM3309,18.0,20.0
STM3310,35.0,37.0
STM3311,15.0,21.0
STM3312,15.0,21.0
STM3313,22.0,25.0
STM3314,23.0,26.0
STM3315,36.0,35.0
STM3316,36.0,26.0
STM3317,39.0,30.0
STM3318,25.0,33.0
STM3319,51.0,48.0
STM3320,80.0,77.0
STM3321,29.0,39.0
STM3322,44.0,38.0
STM3323,46.0,48.0
STM3324,4.0,3.0
STM3325,4.0,5.0
STM3326,34.0,36.0
STM3327,43.0,44.0
STM3328,124.0,127.0
STM3329,7.0,8.0
STM3330,170.0,171.0
STM3331,52.0,56.0
STM3332,1.0,3.0
STM3333,12.0,12.0
STM3334,44.0,40.0
STM3335,13.0,14.0
STM3336,16.0,18.0
STM3337,7.0,13.0
STM3338,16.0,18.0
STM3339,21.0,30.0
STM3340,9.0,7.0
STM3341,62.0,94.0
STM3342,67.0,75.0
STM3343,14.0,19.0
STM3344,222.0,500.0
STM3345,373.0,580.0
STM3346,37.0,32.0
STM3347,110.0,114.0
STM3348,51.0,52.0
STM3349,38.0,45.0
STM3350,6.0,2.0
STM3351,1.0,0.0
STM3352,0.0,0.0
STM3353,0.0,0.0
STM3354,2.0,1.0
STM3355,2.0,0.0
STM3356,0.0,1.0
STM3357,4.0,6.0
STM3358,13.0,8.0
STM3359,219.0,230.0
STM3360,16.0,31.0
STM3361,6.0,10.0
STM3362,2.0,3.0
STM3363,3.0,19.0
STM3364,3.0,5.0
STM3365,2.0,2.0
STM3366,1.0,0.0
STM3367,10.0,6.0
STM3368,59.0,82.0
STM3369,59.0,63.0
STM3370,62.0,59.0
STM3371,22.0,19.0
STM3372,21.0,22.0
STM3373,99.0,90.0
STM3374,227.0,229.0
STM3375,31.0,30.0
STM3376,73.0,110.0
STM3377,24.0,10.0
STM3378,6.0,11.0
STM3379,248.0,332.0
STM3380,338.0,474.0
STM3381,6.0,4.0
STM3382,11.0,21.0
STM3383,22.0,26.0
STM3384,64.0,74.0
STM3385,18.0,45.0
STM3386,3.0,6.0
STM3387,0.0,4.0
STM3388,5.0,7.0
STM3389,0.0,0.0
STM3390,0.0,1.0
STM3391,8.0,9.0
STM3392,4.0,4.0
STM3399,13.0,10.0
STM3400,6.0,6.0
STM3401,26.0,36.0
STM3402,25.0,28.0
STM3403,34.0,38.0
STM3404,33.0,33.0
STM3405,8.0,8.0
STM3406,61.0,57.0
STM3407,54.0,61.0
STM3408,46.0,52.0
STM3409,45.0,55.0
STM3410,12.0,76.0
STM3411,3.0,9.0
STM3412,5.0,3.0
STM3413,3.0,1.0
STM3414,678.0,881.0
STM3415,2663.0,2673.0
STM3416,1905.0,1761.0
STM3417,460.0,775.0
STM3418,656.0,823.0
STM3419,284.0,340.0
STM3420,2422.0,2825.0
STM3421,1374.0,1195.0
STM3422,260.0,275.0
STM3423,778.0,686.0
STM3424,446.0,516.0
STM3425,646.0,965.0
STM3426,643.0,694.0
STM3427,424.0,418.0
STM3428,822.0,820.0
STM3429,445.0,388.0
STM3430,717.0,714.0
STM3431,154.0,255.0
STM3432,351.0,285.0
STM3433,669.0,803.0
STM3434,1241.0,1532.0
STM3435,408.0,1009.0
STM3436,392.0,463.0
STM3437,916.0,1170.0
STM3438,352.0,435.0
STM3439,1117.0,1273.0
STM3440,912.0,949.0
STM3441,607.0,772.0
STM3442,0.0,1.0
STM3443,4.0,15.0
STM3444,4.0,2.0
STM3445,684.0,675.0
STM3446,3333.0,4677.0
STM3447,579.0,732.0
STM3448,1375.0,1033.0
STM3449,8.0,42.0
STM3450,7.0,10.0
STM3451,7.0,18.0
STM3452,26.0,38.0
STM3453,143.0,230.0
STM3454,4.0,8.0
STM3455,179.0,174.0
STM3456,2.0,10.0
STM3457,13.0,23.0
STM3458,1.0,3.0
STM3459,46.0,38.0
STM3461,23.0,34.0
STM3462,45.0,52.0
STM3463,2.0,4.0
STM3464,22.0,21.0
STM3465,29.0,26.0
STM3466,125.0,187.0
STM3467,61.0,54.0
STM3468,13.0,16.0
STM3469,12.0,9.0
STM3470,1.0,2.0
STM3471,0.0,0.0
STM3472,12.0,15.0
STM3473,27.0,29.0
STM3474,119.0,126.0
STM3475,40.0,16.0
STM3476,21.0,27.0
STM3477,125.0,110.0
STM3478,6.0,6.0
STM3479,0.0,0.0
STM3480,10.0,8.0
STM3481,99.0,101.0
STM3482,37.0,51.0
STM3483,28.0,31.0
STM3484,35.0,26.0
STM3485,173.0,165.0
STM3486,178.0,156.0
STM3487,74.0,82.0
STM3488,7.0,5.0
STM3489,0.0,0.0
STM3490,1.0,0.0
STM3491,0.0,0.0
STM3492,0.0,0.0
STM3493,50.0,41.0
STM3494,21.0,19.0
STM3495,63.0,56.0
STM3496,11.0,16.0
STM3497,5.0,9.0
STM3498,47.0,40.0
STM3499,12.0,16.0
STM3500,482.0,544.0
STM3501,49.0,43.0
STM3502,33.0,60.0
STM3503,11.0,13.0
STM3504,102.0,145.0
STM3505,19.0,18.0
STM3506,100.0,102.0
STM3507,10.0,8.0
STM3508,7.0,9.0
STM3509,22.0,26.0
STM3510,4.0,23.0
STM3511,15.0,30.0
STM3512,53.0,54.0
STM3513,278.0,296.0
STM3514,413.0,433.0
STM3515,535.0,521.0
STM3516,3.0,9.0
STM3517,8.0,9.0
STM3518,5.0,8.0
STM3519,5.0,16.0
STM3521,15.0,6.0
STM3522,23.0,26.0
STM3523,33.0,23.0
STM3524,42.0,52.0
STM3525,18.0,17.0
STM3526,1380.0,1379.0
STM3527,17.0,16.0
STM3528,10.0,15.0
STM3529,2.0,3.0
STM3531,2.0,2.0
STM3532,4.0,3.0
STM3533,23.0,36.0
STM3534,231.0,337.0
STM3535,72.0,88.0
STM3536,43.0,63.0
STM3537,57.0,52.0
STM3538,52.0,64.0
STM3539,85.0,92.0
STM3540,2.0,4.0
STM3541,22.0,11.0
STM3542,6.0,6.0
STM3543,21.0,24.0
STM3544,2.0,7.0
STM3545,12.0,11.0
STM3546,4.0,5.0
STM3547,2.0,1.0
STM3548,1.0,3.0
STM3549,0.0,2.0
STM3550,4.0,0.0
STM3551,5.0,2.0
STM3552,1.0,3.0
STM3553,13.0,9.0
STM3554,5.0,7.0
STM3555,2.0,5.0
STM3556,1.0,0.0
STM3557,14.0,9.0
STM3558,1.0,0.0
STM3559,4.0,0.0
STM3560,4.0,3.0
STM3561,1.0,1.0
STM3562,2.0,2.0
STM3563,2.0,4.0
STM3564,12.0,4.0
STM3565,5.0,8.0
STM3566,1.0,0.0
STM3567,10.0,16.0
STM3568,173.0,182.0
STM3569,63.0,59.0
STM3570,46.0,42.0
STM3571,127.0,120.0
STM3572,16.0,19.0
STM3573,5.0,3.0
STM3574,4.0,1.0
STM3575,12.0,21.0
STM3576,51.0,100.0
STM3577,164.0,166.0
STM3578,9.0,4.0
STM3579,3.0,3.0
STM3580,89.0,93.0
STM3581,21.0,27.0
STM3582,4.0,2.0
STM3583,30.0,81.0
STM3584,12.0,10.0
STM3585,6.0,7.0
STM3586,35.0,36.0
STM3587,8.0,19.0
STM3588,23.0,25.0
STM3589,157.0,165.0
STM3590,14.0,6.0
STM3591,125.0,124.0
STM3592,105.0,140.0
STM3593,28.0,22.0
STM3594,57.0,52.0
STM3595,7.0,14.0
STM3596,19.0,40.0
STM3597,55.0,78.0
STM3598,4.0,6.0
STM3599,3.0,3.0
STM3600,2.0,1.0
STM3601,5.0,8.0
STM3602,10.0,7.0
STM3603,14.0,12.0
STM3604,114.0,118.0
STM3605,0.0,1.0
STM3606,1.0,0.0
STM3607,8.0,8.0
STM3608,4.0,9.0
STM3609,5.0,6.0
STM3610,24.0,20.0
STM3611,69.0,63.0
STM3612,40.0,27.0
STM3613,70.0,56.0
STM3614,84.0,101.0
STM3615,33.0,33.0
STM3616,79.0,69.0
STM3617,20.0,17.0
STM3618,53.0,49.0
STM3619,26.0,31.0
STM3620,10.0,6.0
STM3621,2.0,1.0
STM3622,37.0,34.0
STM3623,0.0,0.0
STM3624,21.0,14.0
STM3624A,2.0,2.0
STM3625,10.0,15.0
STM3626,10.0,3.0
STM3627,12.0,13.0
STM3628,9.0,2.0
STM3629,8.0,9.0
STM3630,32.0,28.0
STM3631,1.0,3.0
STM3632,4.0,4.0
STM3633,7.0,4.0
STM3635,38.0,34.0
STM3636,0.0,9.0
STM3637,7.0,15.0
STM3638,7.0,3.0
STM3639,0.0,1.0
STM3640,0.0,1.0
STM3641,4.0,9.0
STM3642,12.0,17.0
STM3643,5.0,5.0
STM3644,77.0,64.0
STM3645,24.0,41.0
STM3646,31.0,35.0
STM3647,89.0,109.0
STM3648,9.0,19.0
STM3649,218.0,301.0
STM3650,3.0,4.0
STM3651,3.0,3.0
STM3652,2.0,3.0
STM3653,0.0,5.0
STM3655,249.0,289.0
STM3656,96.0,183.0
STM3657,2.0,3.0
STM3658,2.0,4.0
STM3659,1.0,0.0
STM3660,10.0,9.0
STM3661,8.0,13.0
STM3662,21.0,5.0
STM3663,22.0,105.0
STM3664,47.0,21.0
STM3665,28.0,91.0
STM3666,37.0,84.0
STM3667,16.0,10.0
STM3668,1.0,1.0
STM3669,0.0,0.0
STM3670,0.0,0.0
STM3671,0.0,0.0
STM3672,0.0,0.0
STM3673,0.0,2.0
STM3674,0.0,1.0
STM3675,0.0,0.0
STM3676,0.0,1.0
STM3677,1.0,2.0
STM3678,15.0,13.0
STM3679,11.0,13.0
STM3680,18.0,22.0
STM3681,1.0,4.0
STM3682,97.0,84.0
STM3683,88.0,93.0
STM3684,16.0,38.0
STM3685,18.0,32.0
STM3686,7.0,17.0
STM3687,5.0,1.0
STM3688,0.0,1.0
STM3689,30.0,20.0
STM3690,0.0,0.0
STM3691,9.0,8.0
STM3692,10.0,14.0
STM3693,1.0,5.0
STM3694,31.0,29.0
STM3695,5.0,6.0
STM3696,7.0,12.0
STM3697,14.0,11.0
STM3698,16.0,10.0
STM3699,51.0,54.0
STM3700,153.0,161.0
STM3701,79.0,130.0
STM3702,60.0,52.0
STM3703,89.0,167.0
STM3704,115.0,162.0
STM3705,62.0,41.0
STM3706,19.0,13.0
STM3707,8.0,7.0
STM3708,184.0,222.0
STM3709,232.0,217.0
STM3710,52.0,63.0
STM3711,107.0,93.0
STM3712,48.0,51.0
STM3713,44.0,70.0
STM3714,37.0,37.0
STM3715,18.0,24.0
STM3716,24.0,24.0
STM3717,36.0,45.0
STM3718,28.0,38.0
STM3719,40.0,32.0
STM3720,7.0,6.0
STM3721,22.0,25.0
STM3722,32.0,39.0
STM3723,57.0,53.0
STM3724,88.0,96.0
STM3725,13.0,13.0
STM3726,7.0,4.0
STM3727,41.0,91.0
STM3728,292.0,337.0
STM3729,17.0,14.0
STM3730,40.0,68.0
STM3731,33.0,21.0
STM3732,29.0,24.0
STM3733,22.0,20.0
STM3734,30.0,38.0
STM3735,56.0,53.0
STM3736,9.0,10.0
STM3737,2.0,6.0
STM3738,3.0,4.0
STM3739,4.0,6.0
STM3740,43.0,105.0
STM3741,46.0,53.0
STM3742,270.0,249.0
STM3743,35.0,29.0
STM3744,132.0,120.0
STM3745,24.0,21.0
STM3746,43.0,61.0
STM3747,10.0,11.0
STM3748,49.0,40.0
STM3749,4.0,5.0
STM3750,2.0,1.0
STM3752,0.0,0.0
STM3753,47.0,41.0
STM3754,3.0,7.0
STM3755,18.0,17.0
STM3756,0.0,1.0
STM3757,8.0,9.0
STM3758,2.0,3.0
STM3759,4.0,3.0
STM3760,0.0,0.0
STM3761,2.0,5.0
STM3762,14.0,16.0
STM3763,43.0,44.0
STM3764,23.0,14.0
STM3765,9.0,3.0
STM3766,3.0,4.0
STM3767,2.0,4.0
STM3768,5.0,5.0
STM3769,5.0,0.0
STM3770,2.0,1.0
STM3771,1.0,1.0
STM3772,2.0,1.0
STM3773,96.0,89.0
STM3774,1.0,1.0
STM3775,26.0,28.0
STM3776,2.0,9.0
STM3777,3.0,1.0
STM3778,1.0,5.0
STM3779,1.0,1.0
STM3780,1.0,6.0
STM3781,13.0,13.0
STM3782,26.0,34.0
STM3783,2.0,4.0
STM3784,12.0,17.0
STM3785,21.0,31.0
STM3786,9.0,11.0
STM3787,1.0,1.0
STM3788,9.0,7.0
STM3789,14.0,10.0
STM3790,3.0,3.0
STM3791,9.0,5.0
STM3792,10.0,6.0
STM3793,11.0,11.0
STM3794,9.0,7.0
STM3795,5.0,1.0
STM3796,31.0,35.0
STM3796A,3.0,4.0
STM3796B,0.0,1.0
STM3797,3.0,5.0
STM3797A,5.0,8.0
STM3798,16.0,19.0
STM3799,11.0,18.0
STM3800,6.0,11.0
STM3801,40.0,60.0
STM3802,98.0,82.0
STM3803,14.0,22.0
STM3804,3.0,3.0
STM3805,7.0,11.0
STM3807,43.0,32.0
STM3808,25.0,11.0
STM3809,9.0,10.0
STM3810,14.0,13.0
STM3811,17.0,18.0
STM3812,1.0,0.0
STM3813,0.0,0.0
STM3814,0.0,0.0
STM3815,0.0,0.0
STM3816,0.0,0.0
STM3817,0.0,0.0
STM3818,0.0,0.0
STM3819,0.0,0.0
STM3820,10.0,12.0
STM3821,1.0,3.0
STM3822,6.0,3.0
STM3823,3.0,1.0
STM3824,22.0,22.0
STM3825,8.0,10.0
STM3826,32.0,26.0
STM3827,2.0,0.0
STM3828,4.0,6.0
STM3829,2.0,2.0
STM3830,2.0,3.0
STM3831,29.0,32.0
STM3832,0.0,0.0
STM3833,3.0,0.0
STM3834,44.0,28.0
STM3835,547.0,525.0
STM3836,40.0,36.0
STM3837,64.0,53.0
STM3838,101.0,79.0
STM3839,182.0,309.0
STM3840,20.0,24.0
STM3841,16.0,13.0
STM3842,213.0,242.0
STM3843,34.0,37.0
STM3845,23.0,36.0
STM3846,13.0,31.0
STM3847,1.0,5.0
STM3848,4.0,2.0
STM3849,10.0,9.0
STM3850,35.0,31.0
STM3851,22.0,24.0
STM3852,4.0,13.0
STM3853,18.0,18.0
STM3854,11.0,12.0
STM3855,8.0,11.0
STM3856,4.0,9.0
STM3857,13.0,11.0
STM3858,2.0,6.0
STM3859,0.0,2.0
STM3860,13.0,13.0
STM3861,321.0,336.0
STM3862,197.0,178.0
STM3863,5.0,8.0
STM3864,283.0,286.0
STM3865,958.0,992.0
STM3866,719.0,662.0
STM3867,1282.0,1340.0
STM3868,530.0,516.0
STM3869,713.0,733.0
STM3870,1737.0,1980.0
STM3871,225.0,266.0
STM3872,46.0,45.0
STM3873,31.0,28.0
STM3874,225.0,226.0
STM3875,48.0,41.0
STM3876,3.0,7.0
STM3877,9.0,11.0
STM3878,31.0,38.0
STM3879,53.0,43.0
STM3880,27.0,30.0
STM3881,16.0,19.0
STM3882,18.0,10.0
STM3883,30.0,39.0
STM3884,75.0,93.0
STM3885,80.0,96.0
STM3886,30.0,26.0
STM3887,9.0,7.0
STM3888,9.0,6.0
STM3897,18.0,15.0
STM3898,71.0,143.0
STM3899,0.0,4.0
STM3900,21.0,26.0
STM3901,10.0,11.0
STM3902,0.0,2.0
STM3903,27.0,27.0
STM3904,74.0,96.0
STM3905,52.0,56.0
STM3906,1.0,4.0
STM3907,5.0,5.0
STM3908,8.0,6.0
STM3909,447.0,437.0
STM3910,14.0,28.0
STM3911,2.0,0.0
STM3912,39.0,33.0
STM3913,205.0,185.0
STM3914,237.0,222.0
STM3915,161.0,244.0
STM3917,253.0,302.0
STM3918,33.0,49.0
STM3919,35.0,38.0
STM3920,85.0,63.0
STM3921,77.0,81.0
STM3922,41.0,35.0
STM3923,13.0,6.0
STM3924,21.0,14.0
STM3925,34.0,39.0
STM3926,43.0,34.0
STM3927,30.0,22.0
STM3928,22.0,26.0
STM3929,26.0,19.0
STM3930,39.0,29.0
STM3935,90.0,97.0
STM3936,54.0,66.0
STM3937,45.0,39.0
STM3938,100.0,95.0
STM3939,181.0,170.0
STM3940,0.0,1.0
STM3941,1.0,1.0
STM3942,1.0,0.0
STM3943,42.0,44.0
STM3944,0.0,1.0
STM3946,14.0,20.0
STM3947,80.0,57.0
STM3948,25.0,30.0
STM3949,41.0,28.0
STM3950,11.0,16.0
STM3951,138.0,151.0
STM3952,11.0,13.0
STM3953,0.0,1.0
STM3954,0.0,0.0
STM3955,10.0,12.0
STM3956,0.0,3.0
STM3957,55.0,55.0
STM3958,83.0,92.0
STM3959,13.0,16.0
STM3960,3.0,12.0
STM3961,46.0,55.0
STM3962,21.0,22.0
STM3963,30.0,30.0
STM3964,3.0,6.0
STM3965,5.0,5.0
STM3966,4.0,3.0
STM3967,11.0,14.0
STM3968,271.0,438.0
STM3969,49.0,49.0
STM3970,71.0,76.0
STM3971,69.0,69.0
STM3972,122.0,148.0
STM3973,49.0,36.0
STM3974,56.0,65.0
STM3975,56.0,67.0
STM3976,16.0,17.0
STM3977,5.0,13.0
STM3978,165.0,320.0
STM3979,43.0,49.0
STM3980,2.0,4.0
STM3981,7.0,2.0
STM3982,16.0,12.0
STM3983,22.0,19.0
STM3984,80.0,93.0
STM3985,44.0,38.0
STM3986,36.0,30.0
STM3987,22.0,16.0
STM3993,5.0,3.0
STM3994,11.0,13.0
STM3995,13.0,18.0
STM3996,35.0,35.0
STM3997,59.0,100.0
STM3998,5.0,9.0
STM3999,237.0,201.0
STM4000,133.0,61.0
STM4001,36.0,33.0
STM4002,114.0,83.0
STM4003,28.0,40.0
STM4004,62.0,54.0
STM4005,37.0,44.0
STM4006,27.0,18.0
STM4007,210.0,217.0
STM4008,10.0,22.0
STM4009,316.0,381.0
STM4010,1.0,5.0
STM4011,1.0,1.0
STM4012,0.0,3.0
STM4013,2.0,0.0
STM4014,0.0,0.0
STM4015,0.0,4.0
STM4016,0.0,2.0
STM4017,4.0,3.0
STM4018,4.0,6.0
STM4019,8.0,2.0
STM4020,3.0,0.0
STM4021,1.0,1.0
STM4022,0.0,0.0
STM4023,0.0,1.0
STM4024,2.0,2.0
STM4025,31.0,29.0
STM4026,17.0,39.0
STM4027,11.0,9.0
STM4028,7.0,16.0
STM4029,30.0,29.0
STM4030,6.0,10.0
STM4031,2.0,4.0
STM4032,6.0,7.0
STM4033,2.0,3.0
STM4034,67.0,67.0
STM4035,60.0,76.0
STM4036,130.0,115.0
STM4037,716.0,717.0
STM4038,19.0,12.0
STM4039,0.0,4.0
STM4040,0.0,0.0
STM4041,0.0,1.0
STM4042,17.0,20.0
STM4042A,17.0,6.0
STM4043,6.0,12.0
STM4044,23.0,20.0
STM4045,1.0,0.0
STM4046,0.0,1.0
STM4047,2.0,1.0
STM4048,1.0,4.0
STM4049,10.0,2.0
STM4050,0.0,1.0
STM4051,0.0,1.0
STM4052,0.0,1.0
STM4053,0.0,0.0
STM4054,0.0,0.0
STM4055,146.0,174.0
STM4056,13.0,13.0
STM4057,12.0,15.0
STM4058,66.0,62.0
STM4059,20.0,35.0
STM4060,19.0,22.0
STM4061,30.0,48.0
STM4062,136.0,169.0
STM4063,6.0,19.0
STM4064,28.0,45.0
STM4065,2.0,2.0
STM4066,7.0,5.0
STM4067,21.0,14.0
STM4068,6.0,11.0
STM4069,1.0,1.0
STM4070,0.0,1.0
STM4071,3.0,2.0
STM4072,16.0,14.0
STM4073,18.0,16.0
STM4074,21.0,15.0
STM4075,2.0,4.0
STM4076,3.0,4.0
STM4077,7.0,15.0
STM4078,6.0,11.0
STM4079,1.0,1.0
STM4080,16.0,9.0
STM4081,152.0,193.0
STM4082,8.0,8.0
STM4083,1.0,4.0
STM4084,24.0,20.0
STM4085,127.0,130.0
STM4086,910.0,895.0
STM4087,275.0,381.0
STM4088,72.0,102.0
STM4089,134.0,707.0
STM4090,13.0,14.0
STM4091,86.0,91.0
STM4092,33.0,34.0
STM4093,80.0,69.0
STM4094,87.0,80.0
STM4095,38.0,52.0
STM4096,67.0,85.0
STM4097,1.0,3.0
STM4098,6.0,0.0
STM4099,28.0,27.0
STM4100,19.0,15.0
STM4101,86.0,97.0
STM4102,1.0,1.0
STM4103,12.0,3.0
STM4104,3.0,4.0
STM4105,1.0,4.0
STM4106,399.0,412.0
STM4107,4.0,6.0
STM4108,57.0,58.0
STM4109,15.0,10.0
STM4110,46.0,50.0
STM4112,10.0,8.0
STM4113,3.0,7.0
STM4114,25.0,35.0
STM4115,9.0,18.0
STM4116,1.0,1.0
STM4117,19.0,15.0
STM4118,64.0,80.0
STM4119,315.0,358.0
STM4120,35.0,31.0
STM4121,12.0,26.0
STM4122,5.0,5.0
STM4123,30.0,21.0
STM4125,105.0,116.0
STM4126,40.0,49.0
STM4127,41.0,26.0
STM4128,8.0,12.0
STM4129,35.0,21.0
STM4130,105.0,158.0
STM4131,35.0,40.0
STM4137,33.0,38.0
STM4138,35.0,33.0
STM4139,22.0,23.0
STM4141,0.0,1.0
STM4146,559.0,629.0
STM4147,105.0,109.0
STM4148,87.0,132.0
STM4149,423.0,428.0
STM4150,918.0,1378.0
STM4151,1250.0,1277.0
STM4152,1355.0,2928.0
STM4153,3085.0,3042.0
STM4154,5346.0,5045.0
STM4155,2.0,8.0
STM4156,1.0,2.0
STM4157,6.0,8.0
STM4158,0.0,0.0
STM4159,6.0,5.0
STM4160,4.0,2.0
STM4161,1.0,1.0
STM4162,0.0,2.0
STM4163,0.0,2.0
STM4164,5.0,10.0
STM4165,12.0,15.0
STM4166,14.0,16.0
STM4167,67.0,85.0
STM4168,22.0,20.0
STM4169,29.0,34.0
STM4170,184.0,246.0
STM4171,10.0,20.0
STM4172,2.0,4.0
STM4173,63.0,37.0
STM4174,46.0,46.0
STM4175,25.0,14.0
STM4176,13.0,19.0
STM4181,8.0,6.0
STM4182,6.0,11.0
STM4183,2.0,3.0
STM4184,3.0,4.0
STM4185,3.0,5.0
STM4186,5.0,1.0
STM4187,21.0,7.0
STM4188,60.0,60.0
STM4189,43.0,24.0
STM4190,51.0,62.0
STM4191,1.0,3.0
STM4192,18.0,26.0
STM4193,25.0,44.0
STM4194,20.0,18.0
STM4195,3.0,19.0
STM4196,0.0,3.0
STM4197,0.0,0.0
STM4198,0.0,2.0
STM4199,0.0,0.0
STM4200,2.0,7.0
STM4201,0.0,1.0
STM4202,0.0,2.0
STM4203,0.0,0.0
STM4204,3.0,7.0
STM4205,6.0,7.0
STM4206,3.0,3.0
STM4207,2.0,0.0
STM4208,3.0,2.0
STM4209,0.0,0.0
STM4210,4.0,1.0
STM4211,3.0,2.0
STM4212,3.0,0.0
STM4213,0.0,1.0
STM4214,0.0,0.0
STM4215,0.0,0.0
STM4216,0.0,0.0
STM4217,0.0,0.0
STM4218,0.0,0.0
STM4219,2.0,0.0
STM4220,42.0,34.0
STM4221,198.0,216.0
STM4222,3.0,5.0
STM4223,1.0,0.0
STM4224,0.0,1.0
STM4225,5.0,5.0
STM4226,1.0,3.0
STM4227,59.0,69.0
STM4228,106.0,143.0
STM4229,276.0,308.0
STM4230,413.0,396.0
STM4231,397.0,388.0
STM4232,168.0,145.0
STM4233,16.0,11.0
STM4234,33.0,30.0
STM4235,515.0,507.0
STM4236,22.0,27.0
STM4237,91.0,115.0
STM4238,38.0,36.0
STM4239,0.0,0.0
STM4240,7.0,8.0
STM4241,19.0,74.0
STM4242,2.0,8.0
STM4243,26.0,20.0
STM4244,1.0,0.0
STM4245,17.0,18.0
STM4246,42.0,36.0
STM4247,37.0,27.0
STM4248,61.0,50.0
STM4249,29.0,45.0
STM4250,4.0,4.0
STM4251,6.0,7.0
STM4252,6.0,2.0
STM4253,4.0,2.0
STM4254,242.0,239.0
STM4255,2.0,2.0
STM4256,91.0,267.0
STM4257,1.0,5.0
STM4258,3.0,2.0
STM4259,3.0,5.0
STM4260,7.0,3.0
STM4261,124.0,117.0
STM4262,11.0,7.0
STM4263,4.0,5.0
STM4264,4.0,7.0
STM4265,1.0,2.0
STM4266,4.0,1.0
STM4267,0.0,2.0
STM4268,27.0,26.0
STM4269,18.0,20.0
STM4270,13.0,11.0
STM4271,2.0,5.0
STM4272,8.0,10.0
STM4273,6.0,4.0
STM4274,0.0,1.0
STM4275,6.0,11.0
STM4276,1.0,3.0
STM4277,41.0,40.0
STM4278,9.0,20.0
STM4279,12.0,14.0
STM4280,11.0,18.0
STM4281,19.0,26.0
STM4282,2.0,4.0
STM4283,44.0,38.0
STM4284,7.0,7.0
STM4285,58.0,39.0
STM4286,6.0,4.0
STM4287,3.0,3.0
STM4288,1.0,2.0
STM4289,12.0,48.0
STM4290,20.0,11.0
STM4291,50.0,66.0
STM4292,31.0,36.0
STM4293,44.0,48.0
STM4294,0.0,4.0
STM4295,12.0,10.0
STM4296,8.0,5.0
STM4297,32.0,22.0
STM4298,0.0,1.0
STM4299,2.0,1.0
STM4300,52.0,49.0
STM4301,53.0,53.0
STM4302,3.0,8.0
STM4303,8.0,11.0
STM4304,27.0,36.0
STM4305,295.0,336.0
STM4306,28.0,22.0
STM4307,37.0,26.0
STM4308,13.0,14.0
STM4309,4.0,2.0
STM4310,0.0,4.0
STM4311,0.0,0.0
STM4312,0.0,0.0
STM4313,0.0,1.0
STM4314,0.0,0.0
STM4315,1.0,3.0
STM4316,0.0,0.0
STM4317,8.0,4.0
STM4318,4.0,5.0
STM4319,9.0,15.0
STM4319a,0.0,0.0
STM4320,1.0,0.0
STM4322,18.0,14.0
STM4323,34.0,33.0
STM4324,7.0,20.0
STM4325,439.0,465.0
STM4326,2657.0,2841.0
STM4327,14.0,24.0
STM4328,10.0,10.0
STM4329,357.0,513.0
STM4330,1504.0,1880.0
STM4331,48.0,48.0
STM4332,8.0,3.0
STM4333,19.0,26.0
STM4334,124.0,198.0
STM4335,2.0,3.0
STM4336,13.0,30.0
STM4337,7.0,14.0
STM4338,4.0,19.0
STM4339,4.0,14.0
STM4340,50.0,67.0
STM4341,75.0,80.0
STM4342,144.0,156.0
STM4343,638.0,667.0
STM4344,23.0,27.0
STM4345,0.0,5.0
STM4346,5.0,4.0
STM4347,35.0,30.0
STM4348,40.0,67.0
STM4349,53.0,39.0
STM4350,23.0,21.0
STM4351,12.0,19.0
STM4355,27.0,12.0
STM4356,15.0,26.0
STM4357,8.0,9.0
STM4358,34.0,24.0
STM4359,95.0,85.0
STM4360,166.0,206.0
STM4361,323.0,262.0
STM4362,228.0,214.0
STM4363,248.0,226.0
STM4364,203.0,187.0
STM4365,3.0,3.0
STM4366,252.0,491.0
STM4367,23.0,43.0
STM4368,231.0,229.0
STM4369,69.0,62.0
STM4370,1.0,0.0
STM4371,0.0,1.0
STM4372,0.0,0.0
STM4373,0.0,1.0
STM4374,1.0,1.0
STM4375,1.0,3.0
STM4376,3.0,3.0
STM4377,21.0,24.0
STM4378,41.0,29.0
STM4379,51.0,41.0
STM4380,8.0,6.0
STM4381,22.0,8.0
STM4382,0.0,1.0
STM4383,2.0,5.0
STM4384,0.0,0.0
STM4385,1.0,0.0
STM4386,7.0,2.0
STM4387,7.0,6.0
STM4388,1.0,3.0
STM4389,0.0,2.0
STM4390,3.0,1.0
STM4391,304.0,394.0
STM4392,260.0,186.0
STM4393,123.0,147.0
STM4394,200.0,351.0
STM4395,5.0,5.0
STM4396,27.0,29.0
STM4397,44.0,57.0
STM4398,43.0,24.0
STM4399,5.0,4.0
STM4400,3.0,4.0
STM4401,2.0,2.0
STM4402,5.0,8.0
STM4403,113.0,136.0
STM4404,19.0,19.0
STM4405,4.0,3.0
STM4406,57.0,142.0
STM4407,54.0,60.0
STM4408,11.0,7.0
STM4409,83.0,81.0
STM4410,93.0,84.0
STM4411,6.0,11.0
STM4412,7.0,8.0
STM4413,1.0,0.0
STM4414,137.0,180.0
STM4415,229.0,227.0
STM4416,81.0,73.0
STM4417,24.0,30.0
STM4418,3.0,3.0
STM4419,5.0,4.0
STM4420,7.0,12.0
STM4421,7.0,4.0
STM4422,0.0,0.0
STM4423,0.0,2.0
STM4424,0.0,0.0
STM4425,1.0,0.0
STM4426,1.0,3.0
STM4427,1.0,2.0
STM4428,5.0,0.0
STM4429,0.0,0.0
STM4430,6.0,1.0
STM4431,1.0,3.0
STM4432,0.0,0.0
STM4433,0.0,4.0
STM4434,3.0,2.0
STM4435,1.0,1.0
STM4436,0.0,0.0
STM4437,35.0,49.0
STM4438,74.0,88.0
STM4439,22.0,31.0
STM4440,2.0,2.0
STM4441,1.0,3.0
STM4442,0.0,1.0
STM4443,5.0,4.0
STM4444,2.0,2.0
STM4445,3.0,3.0
STM4446,6.0,3.0
STM4447,3.0,4.0
STM4448,23.0,23.0
STM4449,2.0,3.0
STM4450,3.0,5.0
STM4451,12.0,7.0
STM4452,167.0,211.0
STM4453,13.0,9.0
STM4455,0.0,3.0
STM4456,33.0,32.0
STM4457,14.0,18.0
STM4458,59.0,82.0
STM4459,4.0,14.0
STM4460,9.0,4.0
STM4461,0.0,0.0
STM4462,0.0,0.0
STM4463,3.0,1.0
STM4464,6.0,4.0
STM4465,2.0,3.0
STM4466,3.0,1.0
STM4467,3.0,5.0
STM4468,5.0,10.0
STM4469,0.0,4.0
STM4470,41.0,36.0
STM4471,13.0,19.0
STM4472,0.0,1.0
STM4473,3.0,7.0
STM4474,2.0,0.0
STM4475,437.0,430.0
STM4476,7.0,20.0
STM4477,113.0,104.0
STM4478,24.0,30.0
STM4479,61.0,55.0
STM4480,51.0,57.0
STM4481,2.0,9.0
STM4482,5.0,5.0
STM4483,0.0,1.0
STM4484,1.0,1.0
STM4485,0.0,3.0
STM4486,2.0,14.0
STM4488,0.0,0.0
STM4489,63.0,50.0
STM4490,26.0,28.0
STM4491,93.0,102.0
STM4492,145.0,149.0
STM4493,16.0,15.0
STM4494,51.0,52.0
STM4495,116.0,161.0
STM4496,207.0,212.0
STM4497,10.0,19.0
STM4498,36.0,26.0
STM4499,10.0,22.0
STM4500,20.0,18.0
STM4501,3.0,2.0
STM4502,0.0,1.0
STM4503,33.0,32.0
STM4504,0.0,2.0
STM4505,1.0,0.0
STM4506,10.0,2.0
STM4507,24.0,14.0
STM4508,1.0,1.0
STM4509,3.0,5.0
STM4510,3.0,1.0
STM4511,6.0,2.0
STM4512,16.0,15.0
STM4513,0.0,1.0
STM4514,4.0,0.0
STM4515,3.0,4.0
STM4516,8.0,7.0
STM4517,8.0,5.0
STM4518,2.0,5.0
STM4519,9.0,9.0
STM4520,0.0,1.0
STM4521,0.0,0.0
STM4522,0.0,3.0
STM4523,2.0,2.0
STM4524,44.0,40.0
STM4525,93.0,85.0
STM4526,188.0,147.0
STM4527,7.0,10.0
STM4528,0.0,7.0
STM4529,5.0,1.0
STM4530,70.0,52.0
STM4531,11.0,12.0
STM4532,416.0,427.0
STM4533,791.0,920.0
STM4534,74.0,101.0
STM4535,0.0,1.0
STM4536,0.0,0.0
STM4537,0.0,0.0
STM4538,3.0,3.0
STM4539,0.0,0.0
STM4540,9.0,7.0
STM4541,110.0,90.0
STM4542,6.0,9.0
STM4543,17.0,22.0
STM4544,20.0,27.0
STM4545,4.0,4.0
STM4546,11.0,16.0
STM4547,0.0,0.0
STM4548,4.0,0.0
STM4549,13.0,5.0
STM4550,10.0,9.0
STM4551,6.0,7.0
STM4552,1.0,3.0
STM4556,19.0,16.0
STM4557,21.0,24.0
STM4558,14.0,11.0
STM4559,9.0,22.0
STM4560,95.0,85.0
STM4561,16.0,47.0
STM4562,7.0,22.0
STM4563,24.0,22.0
STM4564,15.0,16.0
STM4565,41.0,50.0
STM4566,92.0,115.0
STM4567,41.0,45.0
STM4568,48.0,40.0
STM4569,154.0,305.0
STM4570,92.0,109.0
STM4571,3.0,5.0
STM4572,4.0,5.0
STM4573,0.0,0.0
STM4574,4.0,3.0
STM4575,0.0,2.0
STM4576,15.0,12.0
STM4577,6.0,3.0
STM4578,41.0,31.0
STM4579,69.0,61.0
STM4580,43.0,31.0
STM4581,306.0,618.0
STM4582,54.0,70.0
STM4583,6.0,6.0
STM4584,7.0,10.0
STM4585,33.0,42.0
STM4586,85.0,71.0
STM4587,26.0,30.0
STM4588,21.0,21.0
STM4589,9.0,16.0
STM4590,9.0,7.0
STM4591,2.0,4.0
STM4592,1.0,0.0
STM4593,3.0,3.0
STM4594,0.0,0.0
STM4595,0.0,0.0
STM4596,1.0,8.0
STM4597,5.0,9.0
STM4598,147.0,141.0
STM4599,19.0,71.0
STM4600,9.0,6.0
