,LOCUSTAG,NAME
2,STM0001,thrL
4,STM0002,thrA
7,STM0003,thrB
11,STM0004,thrC
13,STM0005,yaaA
16,STM0006,yaaJ
19,STM0007,talB
22,STM0008,mog
25,STM0009,yaaH
28,STM0010,htgA
31,STM0011,yaaI
34,STM0012,dnaK
37,STM0013,dnaJ
40,STM0014,
43,STM0015,
46,STM0016,
49,STM0017,
52,STM0018,
55,STM0019,
58,STM0020,
60,STM0021,bcfA
63,STM0022,bcfB
66,STM0023,bcfC
68,STM0024,bcfD
71,STM0025,bcfE
74,STM0026,bcfF
78,STM0027,bcfG
80,STM0028,bcfH
83,STM0029,
86,STM0030,
89,STM0031,
91,STM0032,
94,STM0033,
96,STM0034,
99,STM0035,
102,STM0036,
105,STM0037,
108,STM0038,
111,STM0039,nhaA
116,STM0040,nhaR
119,STM0041,
122,STM0042,
125,STM0043,rpsT
128,STM0044,yaaY
130,STM0045,ribF
132,STM0046,ileS
135,STM0047,lspA
137,STM0048,slpA
141,STM0049,lytB
143,STM0050,
146,STM0051,rihC
149,STM0052,
152,STM0053,
154,STM0054,
157,STM0055,
160,STM0056,
163,STM0057,
166,STM0058,citC2
168,STM0059,citD2
172,STM0060,citE2
174,STM0061,citF2
177,STM0062,citX2
181,STM0063,citG2
183,STM0064,dapB
186,STM0065,
189,STM0066,carA
196,STM0067,carB
201,STM0068,caiF
206,STM0069,caiE
209,STM0070,caiD
212,STM0071,caiC
215,STM0072,caiB
218,STM0073,caiA
221,STM0074,caiT
227,STM0075,fixA
232,STM0076,fixB
235,STM0077,fixC
238,STM0078,fixX
241,STM0079,yaaU
244,STM0080,
247,STM0081,
250,STM0082,
253,STM0083,
255,STM0084,
258,STM0085,yabF
262,STM0086,kefC
264,STM0087,folA
267,STM0088,apaH
269,STM0089,apaG
272,STM0090,ksgA
274,STM0091,pdxA
276,STM0092,surA
279,STM0093,imp
281,STM0094,djlA
284,STM0095,rluA
287,STM0096,hepA
289,STM0097,polB
292,STM0098,
295,STM0099,
298,STM0100,
300,STM0101,araD
303,STM0102,araA
306,STM0103,araB
318,STM0104,araC
325,STM0105,yabI
328,STM0106,yabJ
331,STM0107,yabK
333,STM0108,tbpA
337,STM0109,yabN
340,STM0110,leuD
343,STM0111,leuC
345,STM0112,leuB
349,STM0113,leuA
352,STM0114,leuL
357,STM0115,leuO
362,STM0116,ilvI
371,STM0117,ilvH
374,STM0118,fruR
377,STM0119,yabB
381,STM0120,yabC
383,STM0121,ftsL
386,STM0122,ftsI
389,STM0123,murE
392,STM0124,murF
395,STM0125,mraY
399,STM0126,murD
401,STM0127,ftsW
404,STM0128,murG
407,STM0129,murC
410,STM0130,ddlB
416,STM0131,ftsQ
419,STM0132,ftsA
421,STM0133,ftsZ
424,STM0134,lpxC
427,STM0135,yacA
429,STM0136,secA
431,STM0137,mutT
434,STM0138,yacG
437,STM0139,yacF
439,STM0140,yacE
443,STM0141,guaC
446,STM0142,hofC
449,STM0143,hofB
452,STM0144,ppdD
455,STM0145,nadC
458,STM0146,ampD
462,STM0147,ampE
464,STM0148,
467,STM0149,
470,STM0150,aroP
477,STM0151,pdhR
483,STM0152,aceE
486,STM0153,aceF
490,STM0154,lpdA
495,STM0155,
498,STM0156,
501,STM0157,yacH
504,STM0158,acnB
507,STM0159,
510,STM0160,yacL
513,STM0161,kdgT
517,STM0162,
519,STM0163,
522,STM0164,
525,STM0165,speD
528,STM0166,speE
531,STM0167,yacC
534,STM0168,cueO
537,STM0169,gcd
540,STM0170,hpt
543,STM0171,yadF
546,STM0172,yadG
549,STM0173,yadH
552,STM0174,stiH
555,STM0175,stiC
558,STM0176,stiB
561,STM0177,stiA
564,STM0178,yadI
567,STM0179,yadE
569,STM0180,panD
572,STM0181,panC
575,STM0182,panB
578,STM0183,folK
581,STM0184,pcnB
583,STM0185,yadB
585,STM0186,dksA
588,STM0187,sfsA
591,STM0188,ligT
593,STM0189,hrpB
596,STM0190,mrcB
599,STM0191,fhuA
602,STM0192,fhuC
604,STM0193,fhuD
607,STM0194,fhuB
609,STM0195,stfA
612,STM0196,stfC
615,STM0197,stfD
618,STM0198,stfE
621,STM0199,stfF
625,STM0200,stfG
627,STM0201,
629,STM0202,hemL
632,STM0203,yadQ
634,STM0204,yadR
636,STM0205,yadS
639,STM0206,btuF
641,STM0207,pfs
644,STM0208,dgt
647,STM0209,htrA
649,STM0210,cdaR
652,STM0211,yaeH
655,STM0212,
658,STM0213,dapD
660,STM0214,glnD
663,STM0215,map
666,STM0216,rpsB
669,STM0217,tsf
672,STM0218,pyrH
675,STM0219,frr
678,STM0220,dxr
681,STM0221,uppS
684,STM0222,cdsA
687,STM0223,yaeL
690,STM0224,yaeT
692,STM0225,hlpA
696,STM0226,lpxD
698,STM0227,fabZ
702,STM0228,lpxA
705,STM0229,lpxB
707,STM0230,rnhB
710,STM0231,dnaE
713,STM0232,accA
718,STM0233,
721,STM0234,ldcC
724,STM0235,yaeR
727,STM0236,mesJ
730,STM0237,rof
732,STM0238,yaeP
736,STM0239,yaeQ
739,STM0240,yaeJ
743,STM0242,proS
746,STM0243,yaeB
748,STM0244,rcsF
752,STM0245,yaeC
755,STM0246,yaeE
758,STM0247,abc
761,STM0248,yaeD
782,STM0255,yafB
785,STM0256,yafC
788,STM0257,
791,STM0258,yafD
793,STM0259,yafE
796,STM0260,dniR
798,STM0261,gloB
801,STM0262,yafS
804,STM0263,rnhA
807,STM0264,dnaQ
812,STM0266,
814,STM0267,
817,STM0268,
820,STM0269,
823,STM0270,
826,STM0271,
829,STM0272,
832,STM0273,
835,STM0274,
838,STM0274A,
840,STM0275,
842,STM0276,
845,STM0277,
848,STM0278,
851,STM0279,
854,STM0280,
857,STM0281,
860,STM0282,
863,STM0283,
866,STM0284,
869,STM0285,
872,STM0286,
875,STM0287,
878,STM0288,
881,STM0289,
884,STM0290,
887,STM0291,
890,STM0292,
893,STM0293,
896,STM0294,
899,STM0295,
902,STM0296,
905,STM0299,safA
908,STM0300,safB
910,STM0301,safC
913,STM0302,safD
916,STM0303,ybeJ
919,STM0304,sinR
922,STM0305,
925,STM0306,
928,STM0307,
931,STM0308,yafV
934,STM0309,yafH
937,STM0310,ghmA
940,STM0311,yafJ
943,STM0312,yafK
946,STM0313,dinP
950,STM0315,prfH
953,STM0316,pepD
956,STM0317,gpt
959,STM0318,yafA
962,STM0319,crl
965,STM0320,phoE
973,STM0321,proB
976,STM0322,proA
982,STM0324,
985,STM0325,
988,STM0327,
991,STM0328,
994,STM0329,
997,STM0330,
1000,STM0331,
1003,STM0332,
1006,STM0333,
1009,STM0334,
1012,STM0335,
1015,STM0336,stbE
1018,STM0337,stbD
1021,STM0338,stbC
1023,STM0339,stbB
1027,STM0340,stbA
1030,STM0341,
1032,STM0342,
1035,STM0343,
1038,STM0344,
1041,STM0345,
1044,STM0346,
1047,STM0347,
1049,STM0348,
1052,STM0349,
1055,STM0350,
1058,STM0351,
1060,STM0352,
1064,STM0353,
1067,STM0354,
1070,STM0355,
1073,STM0356,
1076,STM0357,mod
1079,STM0358,res
1082,STM0359,
1085,STM0360,
1088,STM0361,
1091,STM0362,
1093,STM0363,
1096,STM0364,foxA
1098,STM0365,yahN
1101,STM0366,yahO
1104,STM0367,prpR
1107,STM0368,prpB
1110,STM0369,prpC
1113,STM0370,prpD
1116,STM0371,prpE
1119,STM0372,hemB
1122,STM0373,yaiU
1125,STM0374,yaiV
1128,STM0375,ampH
1130,STM0376,sbmA
1133,STM0377,yaiW
1136,STM0378,yaiY
1139,STM0379,yaiZ
1142,STM0380,ddlA
1145,STM0381,
1148,STM0382,
1150,STM0383,yaiB
1153,STM0384,psiF
1156,STM0385,yaiC
1159,STM0386,proC
1162,STM0387,yaiI
1167,STM0388,aroL
1174,STM0389,yaiA
1177,STM0390,aroM
1180,STM0391,yaiE
1183,STM0392,rdgC
1186,STM0393,yajF
1189,STM0394,araJ
1197,STM0395,sbcC
1199,STM0396,sbcD
1203,STM0397,phoB
1209,STM0398,phoR
1212,STM0399,brnQ
1215,STM0400,proY
1218,STM0401,malZ
1221,STM0402,
1224,STM0403,yajB
1227,STM0404,queA
1229,STM0405,tgt
1232,STM0406,yajC
1235,STM0407,secD
1238,STM0408,secF
1241,STM0409,
1244,STM0410,
1246,STM0411,yajD
1249,STM0412,
1251,STM0413,tsx
1261,STM0414,yajI
1264,STM0415,ybaD
1268,STM0416,ribD
1270,STM0417,ribH
1273,STM0418,nusB
1276,STM0419,thiL
1279,STM0420,pgpA
1282,STM0421,yajO
1285,STM0422,dxs
1287,STM0423,ispA
1289,STM0424,xseB
1293,STM0425,thiI
1295,STM0426,phnV
1298,STM0427,phnU
1301,STM0428,phnT
1303,STM0429,phnS
1306,STM0430,phnR
1309,STM0431,phnW
1312,STM0432,phnX
1315,STM0433,thiJ
1318,STM0434,apbA
1321,STM0435,yajQ
1323,STM0436,yajR
1325,STM0436A,
1327,STM0437,
1330,STM0438,
1333,STM0439,cyoE
1336,STM0440,cyoD
1339,STM0441,cyoC
1342,STM0442,cyoB
1345,STM0443,cyoA
1351,STM0444,ampG
1354,STM0445,yajG
1357,STM0446,bolA
1360,STM0447,tig
1363,STM0448,clpP
1366,STM0449,clpX
1369,STM0450,lon
1372,STM0451,hupB
1377,STM0452,cypD
1380,STM0453,ybaV
1383,STM0454,ybaW
1386,STM0455,ybaX
1389,STM0456,ybaE
1392,STM0457,cof
1395,STM0458,
1398,STM0459,ybaO
1401,STM0460,mdlA
1405,STM0461,mdlB
1407,STM0462,glnK
1410,STM0463,amtB
1413,STM0464,tesB
1416,STM0465,ybaY
1419,STM0466,ybaZ
1425,STM0468,ylaB
1428,STM0469,rpmE2
1431,STM0470,rpmJ2
1434,STM0471,ylaC
1437,STM0472,maa
1440,STM0473,hha
1443,STM0474,ybaJ
1446,STM0475,acrB
1449,STM0476,acrA
1452,STM0477,acrR
1454,STM0478,aefA
1456,STM0479,
1459,STM0480,ybaM
1462,STM0481,priC
1464,STM0482,ybaN
1466,STM0483,apt
1469,STM0484,dnaX
1471,STM0485,ybaB
1475,STM0486,recR
1477,STM0487,htpG
1479,STM0488,adk
1482,STM0489,hemH
1485,STM0490,aes
1488,STM0491,gsk
1490,STM0492,ybaL
1493,STM0493,fsr
1495,STM0494,ushA
1498,STM0495,ybaK
1501,STM0496,ybaP
1504,STM0497,
1507,STM0498,copA
1510,STM0499,cueR
1513,STM0500,ybbJ
1516,STM0501,ybbK
1519,STM0502,ybbL
1523,STM0503,ybbM
1525,STM0504,ybbN
1527,STM0505,ybbO
1530,STM0506,tesA
1533,STM0507,ybbA
1537,STM0508,ybbP
1539,STM0509,
1542,STM0510,sfbA
1545,STM0511,sfbB
1548,STM0512,sfbC
1551,STM0513,ybbB
1554,STM0514,ybbS
1557,STM0515,allA
1560,STM0516,allR
1563,STM0517,gcl
1566,STM0518,gip
1569,STM0519,glxR
1572,STM0520,
1575,STM0521,ybbV
1577,STM0522,allP
1579,STM0523,allB
1582,STM0524,ybbY
1585,STM0525,glxK
1588,STM0526,ylbA
1591,STM0527,allC
1594,STM0528,allD
1597,STM0529,fdrA
1600,STM0530,ylbE
1603,STM0531,ylbF
1606,STM0532,arcC
1608,STM0533,purK
1610,STM0534,purE
1617,STM0535,lpxH
1619,STM0536,ppiB
1622,STM0537,cysS
1625,STM0538,
1627,STM0539,
1631,STM0540,ybcI
1633,STM0541,ybcJ
1636,STM0542,folD
1639,STM0543,fimA
1642,STM0544,fimI
1645,STM0545,fimC
1648,STM0546,fimD
1651,STM0547,fimH
1654,STM0548,fimF
1657,STM0549,fimZ
1660,STM0550,fimY
1663,STM0551,
1666,STM0552,fimW
1672,STM0554,
1676,STM0557,
1678,STM0558,yfdH
1680,STM0559,rfbI
1684,STM0561,
1687,STM0562,
1690,STM0563,
1693,STM0564,
1696,STM0565,
1699,STM0566,
1702,STM0567,
1705,STM0568,pheP
1708,STM0569,ybdG
1711,STM0570,apeE
1714,STM0571,
1717,STM0572,
1720,STM0573,
1723,STM0574,
1725,STM0575,
1729,STM0576,
1731,STM0577,
1735,STM0578,nfnB
1738,STM0579,ybdF
1741,STM0580,
1744,STM0581,
1747,STM0582,ybdJ
1749,STM0583,ybdK
1751,STM0584,entD
1754,STM0585,fepA
1759,STM0586,fes
1762,STM0587,ybdZ
1766,STM0588,entF
1768,STM0589,fepE
1771,STM0590,fepC
1774,STM0591,fepG
1777,STM0592,fepD
1782,STM0593,ybdA
1785,STM0594,fepB
1790,STM0595,entC
1795,STM0596,entE
1798,STM0597,entB
1801,STM0598,entA
1804,STM0599,ybdB
1807,STM0600,cstA
1810,STM0601,ybdD
1813,STM0602,ybdH
1816,STM0603,ybdL
1819,STM0604,ybdM
1822,STM0605,ybdN
1825,STM0606,ybdO
1828,STM0607,dsbG
1832,STM0608,ahpC
1837,STM0609,ahpF
1840,STM0610,
1844,STM0611,
1846,STM0612,
1850,STM0613,
1852,STM0614,ybdQ
1855,STM0615,ybdR
1858,STM0616,rnk
1861,STM0617,rna
1863,STM0618,citT
1866,STM0619,citG
1868,STM0620,citX
1872,STM0621,citF
1875,STM0622,citE
1877,STM0623,citD
1881,STM0624,citC
1884,STM0625,dpiB
1887,STM0626,dpiA
1890,STM0627,dcuC
1893,STM0628,pagP
1895,STM0629,cspE
1898,STM0630,crcB
1901,STM0631,ybeM
1904,STM0632,ybeC
1907,STM0633,lipA
1910,STM0634,ybeF
1913,STM0635,lipB
1916,STM0636,ybeD
1919,STM0637,dacA
1921,STM0638,rlpA
1924,STM0639,mrdB
1927,STM0640,mrdA
1930,STM0641,ybeA
1932,STM0642,ybeB
1936,STM0643,cobC
1939,STM0644,cobD
1942,STM0645,nadD
1945,STM0646,holA
1947,STM0647,rlpB
1950,STM0648,leuS
1953,STM0649,
1955,STM0650,
1958,STM0651,
1961,STM0652,
1964,STM0653,ybeL
1967,STM0654,ybeQ
1970,STM0655,ybeR
1974,STM0656,ybeS
1976,STM0657,ybeU
1980,STM0658,ybeV
1982,STM0659,hscC
1984,STM0660,
1987,STM0661,ybeK
1990,STM0662,gltL
1992,STM0663,gltK
1996,STM0664,gltJ
1999,STM0665,gltI
2002,STM0666,lnt
2005,STM0667,ybeX
2008,STM0668,ybeY
2011,STM0669,phoL
2014,STM0670,miaB
2016,STM0671,ubiF
2019,STM0672,
2043,STM0680,asnB
2046,STM0681,nagD
2049,STM0682,nagC
2052,STM0683,nagA
2055,STM0684,nagB
2067,STM0685,nagE
2072,STM0686,glnS
2075,STM0687,ybfM
2078,STM0688,ybfN
2081,STM0689,citA
2084,STM0690,citB
2087,STM0691,
2090,STM0692,
2093,STM0693,fur
2099,STM0694,fldA
2103,STM0695,ybfE
2106,STM0696,ybfF
2108,STM0697,seqA
2111,STM0698,pgm
2114,STM0699,
2116,STM0700,potE
2119,STM0701,speF
2122,STM0702,kdpE
2125,STM0703,kdpD
2127,STM0704,kdpC
2131,STM0705,kdpB
2134,STM0706,kdpA
2136,STM0707,
2143,STM0708,ybfA
2146,STM0709,phrB
2149,STM0710,ybgH
2152,STM0711,ybgI
2155,STM0712,ybgJ
2159,STM0713,ybgK
2161,STM0714,ybgL
2164,STM0715,
2166,STM0716,
2169,STM0717,
2172,STM0718,
2175,STM0719,
2177,STM0720,
2179,STM0721,
2182,STM0722,
2185,STM0723,
2188,STM0724,
2191,STM0725,
2194,STM0726,
2196,STM0727,
2199,STM0728,nei
2202,STM0729,abrB
2205,STM0730,gltA
2210,STM0731,
2217,STM0732,sdhC
2222,STM0733,sdhD
2226,STM0734,sdhA
2228,STM0735,sdhB
2231,STM0736,sucA
2236,STM0737,sucB
2239,STM0738,sucC
2242,STM0739,sucD
2247,STM0740,cydA
2253,STM0741,cydB
2256,STM0742,ybgT
2259,STM0743,ybgE
2262,STM0744,ybgC
2266,STM0745,tolQ
2268,STM0746,tolR
2271,STM0747,tolA
2274,STM0748,tolB
2277,STM0749,pal
2280,STM0750,ybgF
2299,STM0756,nadA
2302,STM0757,pnuC
2305,STM0758,ybgR
2308,STM0759,ybgS
2311,STM0760,aroG
2317,STM0761,
2320,STM0762,
2323,STM0763,
2325,STM0764,
2327,STM0765,
2329,STM0766,dcoC
2332,STM0768,dcoB
2335,STM0769,
2338,STM0770,
2340,STM0771,
2343,STM0772,gpmA
2346,STM0773,galM
2349,STM0774,galK
2351,STM0775,galT
2355,STM0776,galE
2363,STM0777,
2366,STM0778,modF
2369,STM0779,modE
2372,STM0780,
2375,STM0781,modA
2380,STM0782,modB
2384,STM0783,modC
2386,STM0784,ybhA
2389,STM0785,ybhE
2392,STM0786,ybhC
2395,STM0787,hutI
2398,STM0788,hutG
2401,STM0789,hutC
2405,STM0791,hutH
2408,STM0792,ybhB
2411,STM0793,bioA
2417,STM0794,bioB
2424,STM0795,bioF
2426,STM0796,bioC
2429,STM0797,bioD
2433,STM0798,uvrB
2438,STM0799,
2440,STM0800,slrP
2443,STM0801,ybhK
2446,STM0802,moaA
2449,STM0803,moaB
2452,STM0804,moaC
2455,STM0805,moaD
2459,STM0806,moaE
2461,STM0807,ybhL
2464,STM0808,ybhM
2466,STM0809,
2469,STM0810,
2472,STM0811,ybhN
2475,STM0812,ybhO
2477,STM0813,ybhP
2481,STM0814,ybhQ
2484,STM0815,ybhR
2487,STM0816,ybhS
2490,STM0817,ybhF
2492,STM0818,
2495,STM0819,ybiH
2499,STM0820,rhlE
2502,STM0821,dinG
2505,STM0822,ybiB
2508,STM0823,ybiJ
2511,STM0825,ybiI
2514,STM0826,ybiN
2517,STM0827,ybiO
2520,STM0828,glnQ
2522,STM0829,glnP
2526,STM0830,glnH
2535,STM0831,dps
2541,STM0832,ybiF
2544,STM0833,ompX
2547,STM0834,ybiP
2550,STM0835,
2554,STM0836,ybiR
2556,STM0837,ybiS
2559,STM0838,ybiT
2562,STM0839,
2564,STM0840,ybiV(2)
2567,STM0841,ybiU
2570,STM0842,ybiV(1)
2573,STM0843,pflF
2575,STM0844,pflE
2579,STM0845,moeB
2582,STM0846,moeA
2585,STM0847,ybiK
2588,STM0848,yliA
2591,STM0849,yliB
2594,STM0850,yliC
2597,STM0851,yliD
2600,STM0852,yliG
2602,STM0853,yliH
2605,STM0854,
2609,STM0855,
2611,STM0856,
2614,STM0857,
2617,STM0858,
2620,STM0859,
2622,STM0860,
2625,STM0861,yliI
2628,STM0862,yliJ
2631,STM0863,dacC
2634,STM0864,deoR
2637,STM0865,ybjG
2640,STM0866,mdfA
2643,STM0867,
2646,STM0868,
2649,STM0869,
2652,STM0870,
2655,STM0871,ybjM
2658,STM0872,grxA
2661,STM0873,ybjC
2665,STM0874,mdaA
2667,STM0875,rimK
2670,STM0876,ybjN
2673,STM0877,potF
2676,STM0878,potG
2679,STM0879,potH
2682,STM0880,potI
2685,STM0881,ybjO
2688,STM0882,ybjF
2691,STM0884,
2694,STM0885,
2697,STM0886,
2700,STM0887,artJ
2703,STM0888,artM
2706,STM0889,artQ
2709,STM0890,artI
2711,STM0891,artP
2713,STM0892,ybjP
2717,STM0893,
2720,STM0894,
2723,STM0895,
2726,STM0896,
2729,STM0897,
2732,STM0898,
2735,STM0898A,
2737,STM0899,
2740,STM0900,
2743,STM0901,
2746,STM0902,
2749,STM0903,
2752,STM0904,
2755,STM0905,
2757,STM0906,
2760,STM0907,
2763,STM0908,
2766,STM0909,
2770,STM0910,
2772,STM0911,
2776,STM0912,
2778,STM0913,
2781,STM0914,
2784,STM0915,
2787,STM0916,
2790,STM0917,
2794,STM0918,
2796,STM0919,
2799,STM0920,
2802,STM0921,
2805,STM0922,
2808,STM0923,
2811,STM0924,
2814,STM0925,
2816,STM0926,
2819,STM0927,
2822,STM0928,nanH
2825,STM0929,
2828,STM0930,
2832,STM0931,ybjR
2834,STM0932,
2837,STM0933,ybjT
2840,STM0934,ltaA
2843,STM0935,poxB
2846,STM0936,hcr
2849,STM0937,hcp
2852,STM0938,ybjE
2855,STM0939,ybjD
2858,STM0940,ybjX
2860,STM0941,ybjY
2864,STM0942,ybjZ
2866,STM0943,cspD
2869,STM0944,yljA
2872,STM0945,clpA
2877,STM0946,tnpA_1
2884,STM0950,
2887,STM0951,
2890,STM0952,
2893,STM0953,infA
2896,STM0954,
2899,STM0955,aat
2902,STM0956,cydC
2905,STM0957,cydD
2907,STM0958,trxB
2912,STM0959,lrp
2917,STM0960,ftsK
2920,STM0961,lolA
2923,STM0962,ycaJ
2926,STM0963,serS
2933,STM0964,dmsA
2938,STM0965,dmsB
2942,STM0966,dmsC
2944,STM0968,ycaD
2947,STM0969,ycaM
2950,STM0970,pflA
2952,STM0971,
2955,STM0972,
2958,STM0973,pflB
2961,STM0974,focA
2977,STM0975,ycaO
2979,STM0976,ycaP
2982,STM0977,serC
2985,STM0978,aroA
2987,STM0979,ycaL
2991,STM0980,cmk
2995,STM0981,rpsA
3000,STM0982,himD
3005,STM0983,ycaI
3008,STM0984,msbA
3011,STM0985,lpxK
3014,STM0986,ycaQ
3017,STM0987,ycaR
3021,STM0988,kdsB
3023,STM0989,
3026,STM0990,ycbC
3029,STM0991,smtA
3035,STM0992,mukF
3037,STM0993,mukE
3041,STM0994,mukB
3043,STM0995,ycbB
3046,STM0996,ycbK
3048,STM0997,ycbL
3051,STM0998,aspC
3054,STM0999,ompF
3067,STM1000,asnS
3070,STM1001,
3073,STM1002,
3076,STM1003,
3079,STM1004,pncB
3085,STM1005,
3088,STM1006,
3091,STM1007,
3094,STM1008,
3097,STM1009,
3100,STM1010,
3102,STM1011,
3105,STM1012,
3108,STM1013,
3110,STM1014,
3113,STM1015,
3116,STM1016,
3119,STM1017,
3122,STM1018,
3124,STM1019,
3127,STM1020,
3130,STM1021,
3133,STM1022,
3136,STM1023,
3139,STM1024,
3142,STM1025,
3145,STM1026,
3148,STM1027,
3152,STM1028,
3154,STM1029,
3157,STM1030,
3161,STM1031,
3163,STM1032,
3167,STM1033,
3169,STM1034,
3172,STM1035,
3176,STM1036,
3178,STM1037,
3181,STM1038,
3184,STM1039,
3187,STM1040,
3190,STM1041,
3193,STM1042,
3197,STM1043,
3199,STM1044,sodC
3202,STM1045,
3205,STM1046,
3208,STM1047,
3211,STM1048,
3214,STM1049,
3217,STM1050,
3220,STM1051,sseI
3224,STM1053,
3227,STM1054,
3230,STM1055,
3233,STM1056,
3235,STM1057,pepN
3239,STM1058,pyrD
3244,STM1059,ycbW
3247,STM1060,
3250,STM1061,ycbY
3252,STM1062,uup
3255,STM1063,pqiA
3259,STM1064,pqiB
3261,STM1065,ymbA
3264,STM1066,rmf
3267,STM1067,fabA
3273,STM1068,lonH
3275,STM1069,ycbG
3278,STM1070,ompA
3284,STM1071,sulA
3290,STM1072,yccR
3293,STM1073,yccS
3295,STM1074,yccF
3298,STM1075,helD
3301,STM1076,mgsA
3304,STM1077,yccT
3307,STM1078,
3310,STM1079,yccV
3313,STM1080,yccW
3316,STM1081,
3319,STM1082,
3322,STM1083,yccX
3325,STM1084,yccK
3328,STM1085,yccA
3333,STM1087,pipA
3336,STM1088,pipB
3339,STM1089,
3341,STM1090,pipC
3344,STM1091,sopB
3347,STM1092,orfX
3350,STM1093,
3353,STM1094,pipD
3356,STM1095,copS
3358,STM1096,copR
3362,STM1097,
3365,STM1098,hpaC
3368,STM1099,hpaB
3371,STM1100,hpaR
3374,STM1101,hpaG
3378,STM1102,hpaE
3380,STM1103,hpaD
3383,STM1104,hpaF
3386,STM1105,hpaH
3389,STM1106,hpaI
3392,STM1107,hpaX
3395,STM1108,hpaA
3398,STM1109,
3401,STM1110,
3404,STM1111,yccD
3407,STM1112,cbpA
3412,STM1113,scsA
3415,STM1114,scsB
3418,STM1115,scsC
3421,STM1116,scsD
3424,STM1117,agp
3427,STM1118,yccJ
3430,STM1119,wraB
3435,STM1121,ymdF
3437,STM1122,ycdC
3440,STM1123,
3443,STM1124,putA
3448,STM1125,putP
3453,STM1126,phoH
3456,STM1127,
3459,STM1128,
3462,STM1129,
3465,STM1130,
3467,STM1131,
3470,STM1132,
3473,STM1133,
3479,STM1135,ycdW
3482,STM1136,ycdX
3485,STM1137,ycdY
3488,STM1138,ycdZ
3490,STM1139,csgG
3493,STM1140,csgF
3496,STM1141,csgE
3499,STM1142,csgD
3502,STM1143,csgB
3507,STM1144,csgA
3510,STM1145,csgC
3513,STM1146,ymdA
3516,STM1147,
3519,STM1148,ymdC
3521,STM1149,mdoC
3524,STM1150,mdoG
3528,STM1151,mdoH
3530,STM1152,yceK
3533,STM1153,msyB
3536,STM1154,yceE
3539,STM1155,htrB
3542,STM1156,yceA
3545,STM1157,yceI
3547,STM1158,
3551,STM1159,yceO
3554,STM1160,solA
3557,STM1161,yceP
3560,STM1162,dinI
3563,STM1163,pyrC
3569,STM1164,yceB
3572,STM1165,grxB
3575,STM1166,yceL
3578,STM1167,rimJ
3581,STM1168,yceH
3585,STM1169,mviM
3587,STM1170,mviN
3590,STM1171,flgN
3592,STM1172,flgM
3595,STM1173,flgA
3598,STM1174,flgB
3601,STM1175,flgC
3604,STM1176,flgD
3607,STM1177,flgE
3610,STM1178,flgF
3613,STM1179,flgG
3616,STM1180,flgH
3619,STM1181,flgI
3622,STM1182,flgJ
3625,STM1183,flgK
3628,STM1184,flgL
3631,STM1185,rne
3634,STM1187,rluC
3636,STM1188,
3638,STM1189,yceF
3641,STM1190,yceD
3645,STM1191,rpmF
3648,STM1192,plsX
3651,STM1193,fabH
3653,STM1194,fabD
3656,STM1195,fabG
3659,STM1196,acpP
3662,STM1197,fabF
3665,STM1198,pabC
3668,STM1199,yceG
3670,STM1200,tmk
3674,STM1201,holB
3676,STM1202,ycfH
3679,STM1203,ptsG
3682,STM1204,fhuE
3685,STM1205,ycfF
3689,STM1206,ycfL
3691,STM1207,ycfM
3695,STM1208,ycfN
3697,STM1209,nagZ
3700,STM1210,ycfP
3705,STM1211,ndh
3710,STM1212,ycfJ
3713,STM1213,ycfQ
3716,STM1214,ycfR
3719,STM1215,ycfS
3722,STM1216,mfd
3725,STM1217,ycfU
3727,STM1218,ycfV
3731,STM1219,ycfW
3733,STM1220,ycfX
3736,STM1221,cobB
3739,STM1222,potD
3742,STM1223,potC
3745,STM1224,sifA
3747,STM1225,potB
3750,STM1226,potA
3752,STM1227,pepT
3755,STM1228,
3758,STM1229,ycfD
3761,STM1230,phoQ
3763,STM1231,phoP
3766,STM1232,purB
3768,STM1233,ycfC
3774,STM1234,trmU
3777,STM1235,ymfB
3780,STM1236,
3783,STM1237,ymfC
3786,STM1238,icdA
3792,STM1239,
3795,STM1240,envF
3798,STM1241,msgA
3801,STM1242,envE
3804,STM1243,
3807,STM1244,pagD
3811,STM1246,pagC
3818,STM1249,
3821,STM1250,
3824,STM1251,
3827,STM1252,
3830,STM1253,
3833,STM1254,
3836,STM1255,
3839,STM1256,
3842,STM1257,
3845,STM1258,
3848,STM1259,
3851,STM1260,
3854,STM1261,
3860,STM1263,
3863,STM1264,aadA
3866,STM1265,
3869,STM1266,
3872,STM1267,
3875,STM1268,
3878,STM1269,
3881,STM1270,yeaS
3884,STM1271,yeaR
3887,STM1272,yoaG
3890,STM1273,
3893,STM1274,yeaQ
3896,STM1275,yaoF
3899,STM1276,
3902,STM1277,yeaO
3905,STM1278,yeaN
3908,STM1279,yeaM
3911,STM1280,yeaL
3914,STM1281,
3917,STM1282,yeaK
3920,STM1283,yeaJ
3923,STM1284,yeaH
3926,STM1285,yeaG
3929,STM1286,mipA
3932,STM1287,
3934,STM1288,
3937,STM1289,yeaD
3940,STM1290,gapA
3943,STM1291,yeaA
3946,STM1292,yeaC
3949,STM1293,pncA
3952,STM1294,ansA
3955,STM1295,sppA
3958,STM1296,ydjA
3961,STM1297,selD
3964,STM1298,topB
3966,STM1299,gdhA
3969,STM1300,
3972,STM1301,
3974,STM1302,xthA
3977,STM1303,astC
3980,STM1304,astA
3984,STM1305,astD
3986,STM1306,astB
3989,STM1307,astE
3992,STM1308,spy
3995,STM1309,
3997,STM1310,nadE
4000,STM1311,osmE
4006,STM1312,celA
4009,STM1313,celB
4012,STM1314,celC
4015,STM1315,celD
4018,STM1316,celF
4021,STM1317,celG
4024,STM1318,katE
4027,STM1319,cedA
4032,STM1320,ydjN
4035,STM1321,ydjM
4037,STM1322,yniC
4040,STM1323,yniB
4043,STM1324,
4046,STM1325,ydiZ
4049,STM1326,pfkB
4052,STM1327,ydiY
4055,STM1328,
4058,STM1329,
4062,STM1330,
4064,STM1331,
4067,STM1332,rfc
4070,STM1333,thrS
4073,STM1334,infC
4076,STM1335,rpmI
4079,STM1336,rplT
4082,STM1337,pheS
4085,STM1338,pheT
4088,STM1339,himA
4093,STM1340,btuC
4096,STM1341,btuE
4099,STM1342,btuD
4101,STM1343,nlpC
4104,STM1344,ydiV
4107,STM1345,ydiU
4110,STM1346,ydiE
4112,STM1347,aroH
4117,STM1348,ydiA
4120,STM1349,pps
4125,STM1350,ydiD
4128,STM1351,ydiT
4131,STM1352,ydiS
4134,STM1353,ydiR
4137,STM1354,ydiQ
4140,STM1355,ydiP
4143,STM1356,ydiO
4146,STM1357,ydiF
4148,STM1358,aroD
4151,STM1359,ydiB
4154,STM1360,ydiN
4157,STM1361,ydiM
4160,STM1362,ydiL
4165,STM1364,ydiK
4168,STM1365,ydiJ
4171,STM1366,
4174,STM1367,ydiH
4177,STM1368,
4180,STM1369,sufA
4183,STM1370,sufB
4186,STM1371,sufC
4190,STM1372,sufD
4192,STM1373,sufS
4195,STM1374,ynhA
4198,STM1375,ynhG
4201,STM1376,lppB
4203,STM1377,lpp
4206,STM1378,pykF
4211,STM1379,orf48
4214,STM1380,orf32
4217,STM1381,orf245
4220,STM1382,orf408
4223,STM1383,ttrA
4225,STM1384,ttrC
4228,STM1385,ttrB
4231,STM1386,ttrS
4234,STM1387,ttrR
4237,STM1388,orf70
4240,STM1389,orf319
4243,STM1390,orf242
4245,STM1391,ssrB
4248,STM1392,ssrA
4251,STM1393,ssaB
4253,STM1394,ssaC
4256,STM1395,ssaD
4258,STM1396,ssaE
4261,STM1397,sseA
4264,STM1398,sseB
4267,STM1399,sscA
4271,STM1400,sseC
4273,STM1401,sseD
4276,STM1402,sseE
4279,STM1403,sscB
4281,STM1404,sseF
4284,STM1405,sseG
4287,STM1406,ssaG
4290,STM1407,ssaH
4293,STM1408,ssaI
4296,STM1409,ssaJ
4298,STM1410,
4301,STM1411,ssaK
4304,STM1412,ssaL
4306,STM1413,ssaM
4310,STM1414,ssaV
4312,STM1415,ssaN
4315,STM1416,ssaO
4318,STM1417,ssaP
4321,STM1418,ssaQ
4323,STM1419,ssaR
4326,STM1420,ssaS
4329,STM1421,ssaT
4333,STM1422,ssaU
4341,STM1425,ydhE
4344,STM1426,ribE
4347,STM1427,cfa
4350,STM1428,ydhC
4353,STM1429,ydhB
4356,STM1430,purR
4363,STM1431,sodB
4366,STM1432,ydhO
4368,STM1433,ydhD
4371,STM1434,rnt
4373,STM1435,gloA
4376,STM1436,nemA
4379,STM1437,ydhM
4381,STM1438,ydhL
4384,STM1439,ydhF
4387,STM1440,sodC
4390,STM1441,
4392,STM1442,ydhJ
4395,STM1443,ydhI
4398,STM1444,slyA
4401,STM1445,slyB
4404,STM1446,ydhH
4407,STM1447,ydhA
4410,STM1448,pdxH
4412,STM1449,tyrS
4415,STM1450,pdxY
4418,STM1451,gst
4421,STM1452,ydgR
4424,STM1453,nth
4427,STM1454,ydgQ
4429,STM1455,ydgP
4433,STM1456,ydgO
4436,STM1457,
4438,STM1458,ydgM
4441,STM1459,
4445,STM1460,ydgK
4448,STM1461,ydgT
4451,STM1462,ydgJ
4453,STM1463,add
4457,STM1466,ydgA
4460,STM1467,manA
4466,STM1468,fumA
4468,STM1469,fumC
4473,STM1470,tus
4475,STM1471,rstB
4478,STM1472,
4481,STM1473,ompN
4485,STM1475,rstA
4487,STM1476,ydgC
4490,STM1477,ydgI
4493,STM1478,ydgH
4496,STM1479,pntA
4501,STM1480,pntB
4504,STM1481,
4507,STM1482,ydgF
4510,STM1483,ydgE
4513,STM1484,
4515,STM1485,
4518,STM1486,ynfM
4521,STM1487,ynfL
4523,STM1488,mlc
4526,STM1489,ynfK
4529,STM1490,
4531,STM1491,
4533,STM1492,
4537,STM1493,
4540,STM1494,
4543,STM1495,ynfI
4545,STM1496,
4547,STM1497,
4551,STM1498,
4553,STM1499,
4556,STM1500,ynfD
4559,STM1501,ynfC
4561,STM1502,speG
4564,STM1503,ynfB
4567,STM1504,ynfA
4569,STM1505,rspA
4572,STM1506,rspB
4575,STM1507,ydfJ
4577,STM1508,ydfI
4580,STM1509,ydfZ
4583,STM1510,ydfH
4586,STM1511,ydfG
4589,STM1512,dcp
4592,STM1513,
4595,STM1514,ydeJ
4598,STM1515,ydeI
4601,STM1516,ydeE
4604,STM1517,ydeD
4607,STM1518,marB
4610,STM1519,marA
4613,STM1520,marR
4618,STM1521,marC
4621,STM1522,ydeA
4623,STM1523,yneJ
4626,STM1524,yneI
4629,STM1525,yneH
4632,STM1526,yneG
4635,STM1527,
4638,STM1528,
4640,STM1529,
4643,STM1530,
4646,STM1531,
4649,STM1532,
4652,STM1533,
4655,STM1534,
4657,STM1535,
4661,STM1536,
4664,STM1537,
4667,STM1538,
4670,STM1539,
4673,STM1540,
4676,STM1541,
4679,STM1542,
4682,STM1543,
4685,STM1544,pqaA
4687,STM1545,
4690,STM1546,
4693,STM1547,
4696,STM1548,
4698,STM1549,
4701,STM1550,
4703,STM1551,
4707,STM1552,
4710,STM1554,
4713,STM1555,
4715,STM1556,
4718,STM1557,
4721,STM1558,
4724,STM1559,
4726,STM1560,
4730,STM1561,
4733,STM1562,
4736,STM1563,osmC
4739,STM1564,yddX
4742,STM1565,rpsV
4745,STM1566,sfcA
4747,STM1567,adhP
4750,STM1568,fdnI
4753,STM1569,fdnH
4756,STM1570,fdnG
4759,STM1571,yddG
4762,STM1572,nmpC
4765,STM1573,
4767,STM1574,smvA
4770,STM1575,
4773,STM1576,narU
4776,STM1577,narZ
4779,STM1578,narY
4782,STM1579,narW
4785,STM1580,narV
4788,STM1581,yddE
4791,STM1582,nhoA
4794,STM1583,
4797,STM1584,ansP
4800,STM1585,
4803,STM1586,
4806,STM1587,yncD
4809,STM1588,yncC
4812,STM1589,yncB
4814,STM1590,yncA
4817,STM1591,ydcZ
4820,STM1592,ydcY
4823,STM1593,srfA
4826,STM1594,srfB
4829,STM1595,srfC
4832,STM1596,ydcX
4835,STM1597,ydcW
4838,STM1598,ydcR
4840,STM1599,pdgL
4843,STM1600,
4846,STM1601,ugtL
4849,STM1602,sifB
4852,STM1603,yncJ
4855,STM1604,ydcP
4858,STM1605,ydcN
4861,STM1606,
4864,STM1607,
4867,STM1608,tehB
4870,STM1609,tehA
4872,STM1610,ydcK
4875,STM1611,rimL
4878,STM1612,
4881,STM1613,
4884,STM1614,
4887,STM1615,
4890,STM1616,
4893,STM1617,
4896,STM1618,
4899,STM1619,
4902,STM1620,
4905,STM1621,
4907,STM1622,ydcG
4910,STM1623,
4913,STM1624,
4916,STM1625,ydcI
4918,STM1626,trg
4921,STM1627,
4924,STM1628,
4927,STM1629,
4930,STM1630,
4932,STM1631,sseJ
4935,STM1632,
4937,STM1633,
4940,STM1634,
4943,STM1635,
4946,STM1636,
4949,STM1637,
4952,STM1638,
4954,STM1639,cybB
4957,STM1640,ydcF
4960,STM1641,hrpA
4962,STM1642,acpD
4965,STM1643,
4967,STM1644,ydbL
4970,STM1645,ynbE
4973,STM1646,ydbH
4976,STM1647,ldhA
4979,STM1648,hslJ
4982,STM1649,
4985,STM1650,
4988,STM1651,nifJ
4991,STM1652,ynaF
4994,STM1653,
4997,STM1654,ydaO
5000,STM1655,dbpA
5002,STM1656,
5005,STM1657,
5008,STM1658,ydaL
5011,STM1659,ogt
5015,STM1660,fnr
5020,STM1661,ydaA
5023,STM1662,ynaJ
5026,STM1663,ynaI
5029,STM1664,
5031,STM1665,
5035,STM1667,
5037,STM1668,
5040,STM1669,
5043,STM1670,
5046,STM1671,
5049,STM1672,
5051,STM1673,
5053,STM1674,
5056,STM1675,
5059,STM1676,
5062,STM1677,
5065,STM1678,
5068,STM1679,mppA
5071,STM1680,ycjI
5073,STM1681,ycjG
5076,STM1682,tpx
5079,STM1683,tyrR
5085,STM1684,ycjF
5088,STM1685,ycjX
5091,STM1686,pspE
5094,STM1687,pspD
5097,STM1688,pspC
5099,STM1689,pspB
5103,STM1690,pspA
5106,STM1691,pspF
5109,STM1692,sapA
5111,STM1693,sapB
5114,STM1694,sapC
5118,STM1695,sapD
5120,STM1696,sapF
5123,STM1697,
5126,STM1698,
5129,STM1698A,
5132,STM1699,ycjE
5134,STM1700,fabI
5137,STM1701,yciW
5139,STM1702,rnb
5144,STM1703,yciR
5147,STM1704,yciT
5149,STM1705,osmB
5154,STM1706,yciH
5157,STM1707,pyrF
5160,STM1708,yciM
5162,STM1709,yciS
5166,STM1710,pgpB
5169,STM1711,ribA
5172,STM1712,acnA
5175,STM1713,cysB
5180,STM1714,topA
5183,STM1715,yciN
5186,STM1716,sohB
5189,STM1717,yciK
5192,STM1718,btuR
5195,STM1719,yciL
5198,STM1720,yciO
5201,STM1721,trpH
5203,STM1722,trpL
5209,STM1723,trpE
5213,STM1724,trpD
5215,STM1725,trpC
5220,STM1726,trpB
5223,STM1727,trpA
5226,STM1728,yciG
5229,STM1729,yciF
5232,STM1730,yciE
5235,STM1731,
5238,STM1732,ompW
5241,STM1733,
5244,STM1734,yciC
5247,STM1735,yciB
5250,STM1736,yciA
5252,STM1737,tonB
5258,STM1738,yciI
5262,STM1739,cls
5265,STM1740,yciU
5268,STM1741,
5271,STM1742,oppF
5274,STM1743,oppD
5277,STM1744,oppC
5280,STM1745,oppB
5283,STM1746,oppA
5288,STM1747,
5291,STM1748,ychE
5295,STM1749,adhE
5298,STM1750,tdk
5301,STM1751,hns
5305,STM1752,galU
5308,STM1753,hnr
5311,STM1754,ychK
5313,STM1755,ychJ
5316,STM1756,purU
5328,STM1760,
5331,STM1761,narI
5334,STM1762,narJ
5337,STM1763,narH
5340,STM1764,narG
5348,STM1765,narK
5356,STM1766,narX
5362,STM1767,narL
5365,STM1768,ychP
5368,STM1769,ychN
5371,STM1770,chaB
5374,STM1771,chaA
5377,STM1772,kdsA
5380,STM1773,ychA
5382,STM1774,sirC
5388,STM1775,hemK
5391,STM1776,prfA
5394,STM1777,hemA
5397,STM1778,lolB
5401,STM1779,ipk
5403,STM1780,prsA
5408,STM1781,ychM
5410,STM1782,ychH
5413,STM1783,pth
5415,STM1784,ychF
5418,STM1785,
5421,STM1786,
5427,STM1787,
5429,STM1788,
5432,STM1789,
5435,STM1790,
5439,STM1791,
5441,STM1792,
5444,STM1793,
5447,STM1794,
5450,STM1795,
5453,STM1796,treA
5458,STM1797,ymgE
5461,STM1798,ycgR
5464,STM1799,emtA
5467,STM1800,ycgQ
5470,STM1801,ycgO
5473,STM1802,dadX
5476,STM1803,dadA
5482,STM1804,ycgB
5485,STM1805,fadR
5488,STM1806,nhaB
5491,STM1807,dsbB
5494,STM1808,
5497,STM1809,
5500,STM1810,
5503,STM1811,ycgN
5506,STM1812,ycgM
5509,STM1813,ycgL
5511,STM1814,minC
5514,STM1815,minD
5517,STM1816,minE
5520,STM1817,rnd
5523,STM1818,fadD
5526,STM1819,slp
5529,STM1820,yeaZ
5532,STM1821,yoaA
5535,STM1822,yoaB
5538,STM1823,yoaH
5541,STM1824,pabB
5544,STM1825,yeaB
5547,STM1826,sdaA
5550,STM1827,
5552,STM1828,yoaE
5554,STM1829,
5559,STM1830,manX
5567,STM1831,manY
5571,STM1832,manZ
5573,STM1833,
5576,STM1834,yebN
5579,STM1835,rrmA
5582,STM1836,
5585,STM1837,cspC
5588,STM1838,yobF
5591,STM1839,
5594,STM1840,yobG
5597,STM1841,
5600,STM1842,kdgR
5603,STM1843,
5605,STM1844,htpX
5608,STM1845,prc
5611,STM1846,proQ
5614,STM1847,yebR
5616,STM1848,yebS
5619,STM1849,
5621,STM1850,yebU
5624,STM1851,
5627,STM1852,yebW
5630,STM1853,prpA
5633,STM1854,
5636,STM1855,sopE2
5639,STM1856,
5642,STM1857,
5644,STM1858,
5647,STM1859,
5649,STM1860,
5652,STM1861,
5654,STM1862,pagO
5657,STM1863,
5660,STM1864,
5663,STM1865,
5667,STM1867,pagK
5670,STM1868,mig-3
5673,STM1868A,
5675,STM1869,
5678,STM1869A,
5680,STM1870,
5683,STM1871,
5685,STM1872,
5688,STM1873,
5691,STM1874,
5693,STM1875,yobA
5697,STM1876,holE
5700,STM1877,
5703,STM1878,exoX
5706,STM1879,ptrB
5709,STM1880,yebE
5712,STM1881,yebF
5715,STM1882,yebG
5718,STM1883,purT
5721,STM1884,eda
5726,STM1885,edd
5731,STM1886,zwf
5737,STM1887,yebK
5739,STM1888,pykA
5742,STM1889,msbB
5745,STM1890,yebA
5748,STM1891,znuA
5751,STM1892,znuC
5753,STM1893,znuB
5756,STM1894,ruvB
5759,STM1895,ruvA
5762,STM1896,
5765,STM1897,yebB
5768,STM1898,ruvC
5771,STM1899,yebC
5774,STM1900,ntpA
5777,STM1901,aspS
5780,STM1902,yecD
5784,STM1903,yecE
5786,STM1904,yecN
5789,STM1905,yecO
5793,STM1906,yecP
5795,STM1907,cutC
5798,STM1908,yecM
5801,STM1909,argS
5804,STM1910,
5807,STM1911,
5810,STM1912,flhE
5813,STM1913,flhA
5815,STM1914,flhB
5819,STM1915,cheZ
5822,STM1916,cheY
5825,STM1917,cheB
5827,STM1918,cheR
5831,STM1919,cheM
5834,STM1920,cheW
5837,STM1921,cheA
5839,STM1922,motB
5842,STM1923,motA
5846,STM1924,flhC
5848,STM1925,flhD
5856,STM1926,
5860,STM1927,yecG
5862,STM1928,otsA
5864,STM1929,otsB
5873,STM1931,araH
5876,STM1932,ftnB
5879,STM1933,
5882,STM1934,
5885,STM1935,ftn
5888,STM1936,yecH
5891,STM1937,tyrP
5898,STM1938,yecA
5901,STM1939,
5904,STM1940,
5907,STM1941,
5918,STM1945,pgsA
5921,STM1946,uvrC
5923,STM1947,uvrY
5927,STM1948,
5931,STM1949,yecF
5933,STM1950,sdiA
5936,STM1951,yecC
5938,STM1952,yecS
5942,STM1953,yedO
5945,STM1954,fliY
5948,STM1955,fliZ
5951,STM1956,fliA
5955,STM1957,tnpA_2
5958,STM1958,fliB
5961,STM1959,fliC
5964,STM1960,fliD
5967,STM1961,fliS
5970,STM1962,fliT
5973,STM1963,amyA
5976,STM1964,yedD
5979,STM1965,yedE
5982,STM1966,yedF
5985,STM1967,
5988,STM1968,fliE
5991,STM1969,fliF
5994,STM1970,fliG
5997,STM1971,fliH
6001,STM1972,fliI
6003,STM1973,fliJ
6007,STM1974,fliK
6009,STM1975,fliL
6013,STM1976,fliM
6015,STM1977,fliN
6018,STM1978,fliO
6021,STM1979,fliP
6023,STM1980,fliQ
6027,STM1981,fliR
6029,STM1982,rcsA
6038,STM1984,yodD
6045,STM1986,yedP
6048,STM1987,
6051,STM1988,
6053,STM1989,yedI
6056,STM1990,yedA
6058,STM1991,vsr
6061,STM1992,dcm
6064,STM1993,yedJ
6067,STM1994,
6070,STM1995,ompS
6073,STM1996,cspB
6076,STM1997,umuC
6078,STM1998,umuD
6084,STM1999,
6089,STM2001,yeeI
6098,STM2005,
6101,STM2006,
6104,STM2007,
6106,STM2008,
6109,STM2009,amn
6112,STM2010,
6115,STM2011,
6121,STM2013,yeeO
6126,STM2015,erfK
6129,STM2016,cobT
6132,STM2017,cobS
6134,STM2018,cobU
6138,STM2019,cbiP
6140,STM2020,cbiO
6144,STM2021,cboQ
6146,STM2022,cbiN
6150,STM2023,cbiM
6152,STM2024,cbiL
6156,STM2025,cbiK
6159,STM2026,cbiJ
6161,STM2027,cbiH
6165,STM2028,cbiG
6167,STM2029,cbiF
6170,STM2030,cbiT
6174,STM2031,cbiE
6177,STM2032,cbiD
6179,STM2033,cbiC
6183,STM2034,cibB
6186,STM2035,cbiA
6189,STM2036,pocR
6192,STM2037,pduF
6195,STM2038,pduA
6198,STM2039,pudB
6201,STM2040,pduC
6204,STM2041,pduD
6207,STM2042,pduE
6210,STM2043,pduG
6213,STM2044,pduH
6216,STM2045,pduJ
6219,STM2046,pduK
6222,STM2047,pduL
6224,STM2048,pduM
6227,STM2049,pduN
6230,STM2050,pduO
6234,STM2051,pduP
6236,STM2052,pduQ
6240,STM2053,pduS
6242,STM2054,pduT
6245,STM2055,pduU
6248,STM2056,pduV
6252,STM2057,pduW
6254,STM2058,pduX
6256,STM2059,yeeX
6259,STM2060,yeeA
6262,STM2061,sbmC
6265,STM2062,dacD
6268,STM2063,phsC
6270,STM2064,phsB
6274,STM2065,phsA
6277,STM2066,sopA
6280,STM2067,sbcB
6283,STM2068,yeeF
6286,STM2069,yeeY
6289,STM2070,yeeZ
6292,STM2071,hisG
6295,STM2072,hisD
6298,STM2073,hisC
6301,STM2074,hisB
6304,STM2075,hisH
6308,STM2076,hisA
6311,STM2077,hisF
6313,STM2078,hisI
6316,STM2079,wzzB
6319,STM2080,udg
6321,STM2081,gnd
6324,STM2082,rfbP
6327,STM2083,rfbK
6330,STM2084,rfbM
6333,STM2085,rfbN
6336,STM2086,rfbU
6339,STM2087,rfbV
6342,STM2088,rfbX
6344,STM2089,rfbJ
6347,STM2090,rfbH
6350,STM2091,rfbG
6353,STM2092,rfbF
6356,STM2093,rfbI
6358,STM2094,rfbC
6361,STM2095,rfbA
6364,STM2096,rfbD
6367,STM2097,rfbB
6370,STM2098,galF
6373,STM2099,wcaM
6376,STM2100,wcaL
6379,STM2101,wcaK
6382,STM2102,wzxC
6385,STM2103,wcaJ
6388,STM2104,cpsG
6391,STM2105,manC
6393,STM2106,wcaI
6396,STM2107,wcaH
6399,STM2108,wcaG
6403,STM2109,gmd
6406,STM2110,wcaF
6409,STM2111,wcaE
6412,STM2112,wcaD
6415,STM2113,wcaC
6417,STM2114,wcaB
6421,STM2115,wcaA
6424,STM2116,wzc
6426,STM2117,wzb
6430,STM2118,wza
6434,STM2119,yegH
6437,STM2120,asmA
6440,STM2121,dcd
6443,STM2122,udk
6446,STM2123,yegE
6449,STM2124,alkA
6455,STM2125,yegD
6458,STM2126,
6462,STM2127,yegN
6464,STM2128,yegO
6467,STM2129,yegB
6470,STM2130,baeS
6473,STM2131,baeR
6478,STM2133,
6480,STM2134,
6483,STM2135,
6486,STM2136,yegQ
6489,STM2137,
6491,STM2138,
6494,STM2139,
6497,STM2140,yegS
6500,STM2141,fbaB
6503,STM2142,yegT
6506,STM2143,yegU
6509,STM2144,yegV
6512,STM2145,yegW
6515,STM2146,thiD
6517,STM2147,thiM
6521,STM2148,
6524,STM2149,stcD
6527,STM2150,stcC
6530,STM2151,stcB
6533,STM2152,stcA
6536,STM2153,yehE
6539,STM2154,mrp
6542,STM2155,metG
6545,STM2156,yehR
6548,STM2156A,
6550,STM2157,yehS
6553,STM2158,yehT
6556,STM2159,yehU
6559,STM2160,yehV
6562,STM2161,
6565,STM2162,yehW
6568,STM2163,yehX
6571,STM2164,yehY
6573,STM2165,yehZ
6577,STM2166,bglX
6580,STM2167,dld
6583,STM2168,pbpG
6586,STM2169,yohC
6589,STM2170,yohD
6592,STM2171,yohF
6595,STM2172,yohG
6598,STM2173,
6600,STM2174,yohI
6603,STM2175,
6606,STM2176,
6609,STM2177,
6612,STM2178,
6615,STM2179,
6618,STM2180,
6621,STM2181,yohJ
6625,STM2182,yohK
6627,STM2183,cdd
6630,STM2184,sanA
6633,STM2185,b2145
6636,STM2186,
6639,STM2187,yeiA
6642,STM2188,mglC
6645,STM2189,mglA
6648,STM2190,mglB
6654,STM2191,galS
6661,STM2192,yeiB
6665,STM2193,folE
6669,STM2194,yeiG
6671,STM2195,
6674,STM2196,
6677,STM2197,
6680,STM2198,
6683,STM2199,cirA
6688,STM2200,lysP
6691,STM2201,yeiE
6694,STM2202,yeiH
6698,STM2203,nfo
6703,STM2204,fruA
6706,STM2205,fruK
6709,STM2206,fruF
6712,STM2207,setB
6714,STM2208,
6716,STM2209,
6720,STM2211,yeiP
6722,STM2212,yeiR
6725,STM2213,yeiU
6728,STM2214,spr
6731,STM2215,rtn
6734,STM2216,yejA
6737,STM2217,yejB
6740,STM2218,yejE
6744,STM2219,yejF
6746,STM2220,yejG
6749,STM2221,bcr
6752,STM2222,rsuA
6755,STM2223,yejH
6757,STM2224,rplY
6760,STM2225,
6763,STM2226,yejK
6766,STM2227,yejL
6769,STM2228,yejM
6775,STM2230,
6778,STM2231,
6780,STM2232,oafA
6783,STM2233,
6786,STM2234,
6789,STM2235,
6792,STM2236,
6795,STM2237,
6798,STM2238,
6801,STM2239,
6804,STM2240,
6807,STM2241,sspH2
6810,STM2242,
6813,STM2243,
6816,STM2244,
6819,STM2245,
6822,STM2246,narP
6825,STM2247,ccmH
6827,STM2248,ccmG
6831,STM2249,ccmF
6833,STM2250,ccmE
6836,STM2251,ccmD
6840,STM2252,ccmC
6843,STM2253,ccmB
6845,STM2254,ccmA
6849,STM2255,napC
6852,STM2256,napB
6854,STM2257,napH
6856,STM2258,napG
6860,STM2259,napA
6862,STM2260,napD
6866,STM2261,napF
6869,STM2262,eco
6871,STM2263,yojI
6874,STM2264,alkB
6879,STM2265,ada
6884,STM2266,apbE
6888,STM2267,ompC
6902,STM2269,yojN
6905,STM2270,rcsB
6908,STM2271,rcsC
6911,STM2272,gyrA
6919,STM2273,
6922,STM2274,
6925,STM2275,
6928,STM2276,ubiG
6936,STM2277,nrdA
6941,STM2278,nrdB
6944,STM2279,yfaE
6946,STM2280,
6949,STM2281,
6952,STM2282,glpQ
6955,STM2283,glpT
6960,STM2284,glpA
6978,STM2285,glpB
6981,STM2286,glpC
6984,STM2287,
6987,STM2288,
6990,STM2289,
6993,STM2290,yfaV
6996,STM2291,yfaW
6998,STM2292,yfaX
7001,STM2293,
7004,STM2294,yfaZ
7006,STM2295,yfaO
7009,STM2296,ais
7012,STM2297,yfbE
7015,STM2298,pmrF
7019,STM2299,yfbG
7021,STM2300,
7025,STM2301,pqaB
7027,STM2302,
7030,STM2303,
7032,STM2304,pmrD
7035,STM2305,menE
7037,STM2306,menC
7040,STM2307,menB
7044,STM2308,yfbB
7047,STM2309,menD
7050,STM2310,menF
7053,STM2311,elaB
7056,STM2312,elaA
7059,STM2313,elaC
7062,STM2314,
7065,STM2315,yfbK
7068,STM2316,nuoN
7071,STM2317,nuoM
7074,STM2318,nuoL
7076,STM2319,nuoK
7080,STM2320,nuoJ
7083,STM2321,nuoI
7086,STM2322,nuoH
7089,STM2323,nuoG
7092,STM2324,nuoF
7094,STM2325,nuoE
7098,STM2326,nuoC
7101,STM2327,nuoB
7104,STM2328,nuoA
7112,STM2329,
7115,STM2330,lrhA
7118,STM2331,yfbQ
7121,STM2332,
7124,STM2333,yfbS
7127,STM2334,yfbT
7129,STM2335,yfbU
7132,STM2336,
7135,STM2337,ackA
7138,STM2338,pta
7141,STM2339,yfcC
7144,STM2340,
7146,STM2341,
7150,STM2342,
7153,STM2343,
7156,STM2344,
7159,STM2345,
7162,STM2346,
7165,STM2347,yfcE
7168,STM2348,yfcF
7171,STM2349,yfcG
7174,STM2350,yfcH
7177,STM2351,hisP
7179,STM2352,hisM
7181,STM2353,hisQ
7185,STM2354,hisJ
7188,STM2355,argT
7191,STM2356,ubiX
7194,STM2357,
7197,STM2358,
7200,STM2359,
7203,STM2360,
7206,STM2361,
7209,STM2362,purF
7212,STM2363,cvpA
7218,STM2364,dedD
7221,STM2365,folC
7224,STM2366,accD
7229,STM2367,dedA
7232,STM2368,truA
7235,STM2369,usg
7238,STM2370,pdxB
7241,STM2371,flk
7244,STM2372,
7247,STM2373,
7250,STM2374,
7253,STM2375,
7257,STM2376,
7259,STM2377,
7262,STM2378,fabB
7265,STM2379,
7268,STM2380,yfcL
7271,STM2381,yfcM
7274,STM2382,yfcA
7277,STM2383,mepA
7280,STM2384,aroC
7283,STM2385,yfcB
7286,STM2386,yfcN
7289,STM2387,sixA
7292,STM2388,yfcX
7294,STM2389,yfcY
7298,STM2390,yfcZ
7303,STM2391,fadL
7313,STM2392,vacJ
7316,STM2393,yfdC
7322,STM2395,pgtE
7325,STM2396,pgtA
7328,STM2397,pgtB
7330,STM2398,pgtC
7334,STM2399,pgtP
7337,STM2400,
7340,STM2401,ddg
7343,STM2402,yfdZ
7346,STM2403,glk
7349,STM2404,
7352,STM2405,
7355,STM2406,
7358,STM2407,ypeC
7361,STM2408,mntH
7365,STM2409,nupC
7371,STM2410,yfeA
7379,STM2413,yfeC
7382,STM2414,yfeD
7384,STM2415,gltX
7399,STM2420,xapR
7404,STM2421,xapB
7407,STM2422,xapA
7412,STM2423,yfeN
7415,STM2424,yfeR
7417,STM2425,yfeH
7420,STM2426,
7422,STM2427,lig
7425,STM2428,zipA
7428,STM2429,cysZ
7431,STM2430,cysK
7439,STM2431,ptsH
7444,STM2432,ptsI
7447,STM2433,crr
7450,STM2434,
7453,STM2435,pdxK
7456,STM2436,ptsJ
7459,STM2437,yfeJ
7462,STM2438,yfeK
7465,STM2439,yfeL
7468,STM2440,cysM
7471,STM2441,cysA
7473,STM2442,cysW
7476,STM2443,cysU
7480,STM2444,cysP
7485,STM2445,ucpA
7488,STM2446,
7491,STM2447,
7494,STM2448,yfeZ
7496,STM2449,
7498,STM2450,amiA
7502,STM2451,hemF
7504,STM2452,
7506,STM2453,
7509,STM2454,eutR
7512,STM2455,eutK
7515,STM2456,eutL
7518,STM2457,eutC
7521,STM2458,eutB
7524,STM2459,eutA
7526,STM2460,eutH
7530,STM2461,eutG
7532,STM2462,eutJ
7536,STM2463,eutE
7539,STM2464,eutN
7541,STM2465,eutM
7544,STM2466,eutD
7546,STM2467,eutT
7549,STM2468,eutQ
7552,STM2469,eutP
7556,STM2470,eutS
7560,STM2471,tnpA_3
7563,STM2472,maeB
7566,STM2473,talA
7569,STM2474,tktB
7572,STM2475,
7575,STM2476,ypfG
7578,STM2477,yffH
7581,STM2478,
7584,STM2479,aegA
7587,STM2480,narQ
7590,STM2481,acrD
7593,STM2482,yffB
7597,STM2483,dapE
7599,STM2484,
7602,STM2485,ypfI
7605,STM2486,
7608,STM2487,purC
7614,STM2488,nlpB
7617,STM2489,dapA
7622,STM2490,gcvR
7624,STM2491,bcp
7627,STM2492,
7629,STM2493,perM
7632,STM2494,
7635,STM2495,yfgD
7638,STM2496,yfgE
7640,STM2497,uraA
7643,STM2498,upp
7649,STM2499,purM
7654,STM2500,purN
7657,STM2501,ppk
7660,STM2502,ppx
7662,STM2503,
7664,STM2504,
7666,STM2505,
7669,STM2506,
7672,STM2507,
7674,STM2508,
7676,STM2509,
7679,STM2510,guaA
7682,STM2511,guaB
7687,STM2512,xseA
7690,STM2513,shdA
7693,STM2514,ratB
7696,STM2515,ratA
7699,STM2516,sinI
7702,STM2517,sinH
7705,STM2518,yfgJ
7708,STM2519,engA
7711,STM2520,yfgL
7714,STM2521,yfgM
7717,STM2522,hisS
7720,STM2523,gcpE
7723,STM2524,yfgA
7725,STM2525,yfgB
7728,STM2526,ndk
7731,STM2527,
7733,STM2528,
7735,STM2529,
7739,STM2530,
7741,STM2531,pbpC
7743,STM2532,
7746,STM2533,sseA
7749,STM2534,
7752,STM2535,sseB
7754,STM2536,pepB
7757,STM2537,yfhJ
7760,STM2538,fdx
7763,STM2539,hscA
7766,STM2540,hscB
7771,STM2541,yfhF
7774,STM2542,nifU
7777,STM2543,nifS
7780,STM2544,yfhP
7783,STM2545,
7786,STM2546,suhB
7789,STM2547,
7792,STM2548,asrA
7795,STM2549,asrB
7798,STM2550,asrC
7801,STM2551,
7803,STM2552,
7807,STM2553,csiE
7810,STM2554,hcaT
7813,STM2555,glyA
7820,STM2556,hmpA
7823,STM2557,cadC
7828,STM2558,cadB
7833,STM2559,cadA
7836,STM2560,yjdL
7839,STM2561,glnB
7845,STM2562,yfhA
7847,STM2563,yfhG
7850,STM2564,yfhK
7852,STM2565,purG
7858,STM2566,
7861,STM2567,yfhD
7863,STM2568,yfhC
7865,STM2569,yfhB
7868,STM2570,
7871,STM2571,
7874,STM2572,yfhH
7877,STM2573,
7880,STM2574,
7883,STM2575,
7885,STM2576,yfhL
7888,STM2577,acpS
7891,STM2578,pdxJ
7894,STM2579,recO
7896,STM2580,era
7898,STM2581,rnc
7902,STM2582,lepB
7905,STM2583,lepA
7908,STM2584,gogB
7911,STM2585,
7914,STM2585A,
7916,STM2586,
7919,STM2587,
7922,STM2588,
7925,STM2589,
7928,STM2590,
7930,STM2591,
7934,STM2592,
7937,STM2593,
7940,STM2594,
7942,STM2595,
7946,STM2596,
7949,STM2597,
7952,STM2598,
7955,STM2599,
7958,STM2600,
7961,STM2601,
7964,STM2602,
7967,STM2603,
7970,STM2604,
7973,STM2605,
7976,STM2606,
7978,STM2607,
7982,STM2608,
7984,STM2609,
7988,STM2610,
7991,STM2611,
7994,STM2612,
7996,STM2613,
8000,STM2614,
8006,STM2616,
8009,STM2617,
8011,STM2618,
8015,STM2619,
8018,STM2620,
8021,STM2621,
8024,STM2622,
8026,STM2623,
8029,STM2624,
8032,STM2625,
8035,STM2626,
8038,STM2627,
8040,STM2628,
8043,STM2629,
8046,STM2630,
8049,STM2631,
8051,STM2632,
8054,STM2633,
8057,STM2634,
8060,STM2635,
8063,STM2636,
8066,STM2637,rseC
8069,STM2638,rseB
8071,STM2639,rseA
8075,STM2640,rpoE
8078,STM2641,nadB
8080,STM2642,yfiC
8083,STM2643,srmB
8086,STM2644,yfiE
8089,STM2645,yfiK
8092,STM2646,yfiD
8095,STM2647,ung
8098,STM2648,yfiF
8101,STM2649,trxC
8104,STM2650,yfiP
8106,STM2651,yfiQ
8109,STM2652,pssA
8112,STM2653,yfiM
8115,STM2654,kgtP
8118,STM2655,
8133,STM2660,clpB
8136,STM2661,yfiH
8139,STM2662,rluD
8142,STM2663,yfiO
8146,STM2665,yfiA
8149,STM2666,
8152,STM2667,pheA
8155,STM2668,
8158,STM2669,tyrA
8161,STM2670,aroF
8169,STM2671,yfiR
8173,STM2672,yfiN
8175,STM2673,rplS
8178,STM2674,trmD
8181,STM2675,rimM
8184,STM2676,rpsP
8187,STM2677,ffh
8190,STM2678,corE
8192,STM2679,yfjD
8194,STM2680,
8197,STM2681,grpE
8199,STM2682,
8203,STM2683,yfjB
8206,STM2684,recN
8209,STM2685,smpA
8212,STM2686,yfjF
8215,STM2687,yfjG
8217,STM2688,smpB
8221,STM2690,
8225,STM2691,
8227,STM2692,
8234,STM2694,
8237,STM2695,
8239,STM2696,
8243,STM2697,
8245,STM2698,
8249,STM2699,
8252,STM2700,
8255,STM2701,
8258,STM2702,
8261,STM2703,
8264,STM2704,
8267,STM2705,
8270,STM2706,
8272,STM2707,
8275,STM2708,
8277,STM2709,
8281,STM2710,
8284,STM2711,
8286,STM2712,
8289,STM2713,
8293,STM2714,
8296,STM2715,
8298,STM2716,
8302,STM2717,
8305,STM2718,
8308,STM2719,
8311,STM2720,
8314,STM2721,
8317,STM2722,
8320,STM2723,
8323,STM2724,
8326,STM2726,
8329,STM2727,
8331,STM2728,
8335,STM2729,
8337,STM2730,
8340,STM2731,
8344,STM2732,
8347,STM2733,
8350,STM2734,
8353,STM2735,
8356,STM2736,
8359,STM2737,
8362,STM2738,
8365,STM2739,
8367,STM2740,
8370,STM2741,
8373,STM2742,
8375,STM2743,
8377,STM2744,
8380,STM2745,
8382,STM2746,
8385,STM2747,
8388,STM2748,
8391,STM2749,
8394,STM2750,
8397,STM2751,
8401,STM2752,
8403,STM2753,
8406,STM2754,
8408,STM2755,
8411,STM2756,
8414,STM2757,
8417,STM2758,
8420,STM2759,
8423,STM2760,
8426,STM2761,
8428,STM2762,
8430,STM2763,
8433,STM2764,
8435,STM2765,
8438,STM2766,
8441,STM2767,
8444,STM2770,fljA
8446,STM2771,fljB
8449,STM2772,hin
8452,STM2773,iroB
8455,STM2774,iroC
8458,STM2775,iroD
8461,STM2776,iroE
8464,STM2777,iroN
8468,STM2779,
8470,STM2780,
8473,STM2781,virK
8475,STM2782,mig-14
8478,STM2783,nxiA
8481,STM2784,tctE
8483,STM2785,tctD
8487,STM2786,
8490,STM2787,
8493,STM2788,
8496,STM2789,
8499,STM2790,ygaF
8502,STM2791,gabD
8505,STM2792,gabT
8508,STM2793,gabP
8511,STM2794,ygaE
8514,STM2795,ygaU
8517,STM2796,yqaE
8520,STM2797,
8522,STM2798,ygaP
8525,STM2799,stpA
8531,STM2800,
8534,STM2801,ygaC
8537,STM2802,ygaM
8539,STM2803,
8542,STM2804,
8545,STM2805,nrdH
8549,STM2806,nrdI
8552,STM2807,nrdE
8554,STM2808,nrdF
8557,STM2809,proV
8562,STM2810,proW
8565,STM2811,proX
8568,STM2812,
8571,STM2813,emrR
8576,STM2814,emrA
8579,STM2815,emrB
8582,STM2816,
8585,STM2817,luxS
8588,STM2818,gshA
8591,STM2819,yqaA
8594,STM2820,yqaB
8612,STM2826,csrA
8615,STM2827,alaS
8618,STM2828,oraA
8621,STM2829,recA
8625,STM2830,ygaD
8630,STM2831,mltB
8633,STM2832,srlA
8639,STM2833,srlE
8641,STM2834,slrB
8644,STM2835,srlD
8647,STM2836,gutM
8650,STM2837,srlR
8653,STM2838,gutQ
8656,STM2839,ygaA
8659,STM2840,
8662,STM2841,ygbD
8665,STM2842,hypF
8668,STM2843,hydN
8671,STM2844,
8674,STM2845,hycI
8676,STM2846,hycH
8680,STM2847,hycG
8682,STM2848,hycF
8686,STM2849,hycE
8688,STM2850,hycD
8691,STM2851,hycC
8693,STM2852,hycB
8697,STM2853,hycA
8701,STM2854,hypA
8705,STM2855,hypB
8708,STM2856,hypC
8712,STM2857,hypD
8714,STM2858,hypE
8717,STM2859,fhlA
8720,STM2860,ygbA
8723,STM2861,sitA
8726,STM2862,sitB
8730,STM2863,sitC
8732,STM2864,sitD
8735,STM2865,avrA
8738,STM2866,sprB
8741,STM2867,hilC
8744,STM2868,
8747,STM2869,orgA
8749,STM2870,
8753,STM2871,prgK
8755,STM2872,prgJ
8758,STM2873,prgI
8761,STM2874,prgH
8763,STM2875,hilD
8766,STM2876,hilA
8769,STM2877,iagB
8772,STM2878,sptP
8774,STM2879,sicP
8778,STM2880,
8780,STM2881,iacP
8783,STM2882,sipA
8786,STM2883,sipD
8789,STM2884,sipC
8792,STM2885,sipB
8795,STM2886,sicA
8798,STM2887,spaS
8800,STM2888,spaR
8804,STM2889,spaQ
8807,STM2890,spaP
8810,STM2891,spaO
8813,STM2892,invJ
8815,STM2893,invI
8819,STM2894,invC
8821,STM2895,invB
8824,STM2896,invA
8827,STM2897,invE
8830,STM2898,invG
8832,STM2899,invF
8834,STM2900,invH
8837,STM2901,
8840,STM2902,
8842,STM2903,
8845,STM2904,
8849,STM2905,
8851,STM2906,
8854,STM2907,pphB
8857,STM2908,
8860,STM2909,mutS
8863,STM2910,
8866,STM2911,
8869,STM2912,
8871,STM2913,
8873,STM2914,
8877,STM2915,ygbM
8879,STM2916,ygbL
8883,STM2917,ygbK
8885,STM2918,ygbJ
8889,STM2919,ygbI
8892,STM2920,
8895,STM2921,
8899,STM2922,
8901,STM2923,
8904,STM2924,rpoS
8907,STM2925,nlpD
8912,STM2926,pcm
8915,STM2927,surE
8918,STM2928,ygbO
8920,STM2929,ispF
8924,STM2930,ispD
8927,STM2931,ygbQ
8930,STM2932,ygbE
8933,STM2933,cysC
8936,STM2934,cysN
8939,STM2935,cysD
8944,STM2936,iap
8947,STM2937,ygbF
8950,STM2938,
8952,STM2939,ygcH
8956,STM2940,
8959,STM2941,yghJ
8962,STM2942,
8965,STM2943,
8967,STM2944,ygcB
8970,STM2945,sopD
8973,STM2946,cysH
8976,STM2947,cysI
8979,STM2948,cysJ
8985,STM2949,ptpS
8987,STM2950,
8990,STM2951,ygcF
8993,STM2952,eno
8996,STM2953,pyrG
8999,STM2954,mazG
9001,STM2955,
9004,STM2956,relA
9007,STM2957,ygcA
9012,STM2958,barA
9015,STM2959,
9018,STM2960,gudD
9021,STM2961,ygcY
9024,STM2962,gudT
9027,STM2963,
9030,STM2964,yqcB
9032,STM2965,yqcC
9038,STM2967,syd
9041,STM2968,yqcD
9044,STM2969,ygdH
9047,STM2970,sdaC
9050,STM2971,sdaB
9053,STM2972,exo
9056,STM2973,fucO
9059,STM2974,fucA
9065,STM2976,fucI
9068,STM2977,fucK
9071,STM2978,fucU
9074,STM2979,fucR
9077,STM2980,ygdE
9079,STM2981,ygdD
9083,STM2982,gcvA
9089,STM2983,ygdI
9092,STM2984,csdA
9095,STM2985,ygdK
9098,STM2986,
9101,STM2987,ygdL
9104,STM2988,mltA
9113,STM2991,amiC
9116,STM2992,argA
9119,STM2993,recD
9122,STM2994,recB
9124,STM2995,ptr
9127,STM2996,recC
9130,STM2997,ppdC
9133,STM2998,ygdB
9136,STM2999,ppdB
9138,STM3000,ppdA
9141,STM3001,thyA
9144,STM3002,lgt
9147,STM3003,ptsP
9149,STM3004,ygdP
9153,STM3005,mutH
9156,STM3006,ygdQ
9159,STM3007,ygdR
9162,STM3008,tas
9165,STM3009,ygeD
9168,STM3010,aas
9171,STM3011,galR
9174,STM3012,
9177,STM3013,lysA
9180,STM3014,lysR
9183,STM3015,ygeA
9186,STM3016,araE
9194,STM3017,kduD
9197,STM3018,kduI
9200,STM3019,yqeF
9203,STM3020,
9206,STM3021,
9209,STM3022,
9211,STM3023,yohL
9214,STM3024,yohM
9217,STM3025,
9220,STM3026,
9222,STM3027,stdC
9226,STM3028,stdB
9229,STM3029,stdA
9232,STM3030,
9235,STM3031,
9239,STM3032,tnpA_4
9242,STM3033,
9244,STM3034,
9248,STM3035,
9251,STM3036,
9257,STM3038,
9259,STM3039,idi
9262,STM3040,lysS
9265,STM3041,prfB
9267,STM3042,recJ
9269,STM3043,dsbC
9273,STM3044,xerD
9276,STM3045,fldB
9279,STM3046,ygfX
9281,STM3047,ygfY
9285,STM3048,ygfZ
9288,STM3049,yqfA
9291,STM3050,yqfB
9294,STM3051,bglA
9296,STM3052,
9299,STM3053,gcvP
9302,STM3054,gcvH
9305,STM3055,gcvT
9315,STM3056,visC
9318,STM3057,ubiH
9321,STM3058,pepP
9324,STM3059,ygfB
9326,STM3060,ygfE
9329,STM3061,ygfA
9332,STM3062,serA
9335,STM3063,rpiA
9338,STM3064,iciA
9341,STM3065,yggE
9344,STM3066,yggA
9347,STM3067,yggB
9350,STM3068,fba
9353,STM3069,pgk
9356,STM3070,epd
9362,STM3071,
9365,STM3072,
9368,STM3073,
9370,STM3074,
9373,STM3075,
9376,STM3076,tktA
9379,STM3077,yggG
9382,STM3078,speB
9385,STM3079,
9387,STM3080,
9390,STM3081,
9393,STM3082,
9396,STM3083,
9399,STM3084,
9402,STM3085,
9405,STM3086,speA
9408,STM3087,yqgB
9412,STM3088,yqgC
9415,STM3089,yqgD
9418,STM3090,metK
9421,STM3091,galP
9424,STM3092,sprT
9426,STM3093,endA
9431,STM3094,yggJ
9434,STM3095,gshB
9437,STM3096,yqgE
9440,STM3097,yqgF
9443,STM3098,
9446,STM3099,yggR
9449,STM3100,yggS
9452,STM3101,yggT
9455,STM3102,yggU
9458,STM3103,yggV
9462,STM3104,yggW
9464,STM3105,yggM
9467,STM3106,ansB
9475,STM3107,yggN
9478,STM3108,yggL
9481,STM3109,yggH
9484,STM3110,mutY
9486,STM3111,yggX
9489,STM3112,mltC
9491,STM3113,nupG
9500,STM3114,speC
9505,STM3115,yqgA
9511,STM3117,
9514,STM3118,
9517,STM3119,
9520,STM3120,
9523,STM3121,
9526,STM3122,
9529,STM3123,
9532,STM3124,
9535,STM3125,
9538,STM3126,
9541,STM3127,
9544,STM3128,
9547,STM3129,
9550,STM3130,
9553,STM3131,
9556,STM3132,
9559,STM3133,
9562,STM3134,
9565,STM3135,
9570,STM3136,
9573,STM3137,
9576,STM3138,
9579,STM3139,gsp
9582,STM3140,yghU
9585,STM3141,
9588,STM3142,
9591,STM3143,hybG
9594,STM3144,hybF
9597,STM3145,hybE
9600,STM3146,hybD
9603,STM3147,hybC
9605,STM3148,hybB
9608,STM3149,hybA
9612,STM3150,hypO
9615,STM3151,yghW
9618,STM3152,
9621,STM3153,yqhA
9624,STM3154,
9626,STM3155,
9629,STM3156,
9632,STM3157,yghA
9635,STM3158,exbD
9638,STM3159,exbB
9640,STM3160,
9643,STM3161,metC
9646,STM3162,yghB
9649,STM3163,yqhC
9652,STM3164,yqhD
9655,STM3165,yqhE
9658,STM3166,
9660,STM3167,
9663,STM3168,ygiR
9666,STM3169,
9669,STM3170,
9672,STM3171,ygiK
9675,STM3172,sufI
9678,STM3173,plsC
9681,STM3174,parC
9684,STM3175,
9687,STM3176,ygiW
9690,STM3177,ygiX
9694,STM3178,ygiY
9696,STM3179,mdaB
9699,STM3180,ygiN
9702,STM3181,parE
9704,STM3182,yqiA
9707,STM3183,icc
9710,STM3184,yqiB
9713,STM3185,yqiE
9716,STM3186,tolC
9718,STM3187,ygiB
9722,STM3188,ygiC
9724,STM3189,ygiD
9727,STM3190,ygiE
9730,STM3191,
9733,STM3192,
9735,STM3193,
9738,STM3194,
9741,STM3195,ribB
9744,STM3196,yqiC
9747,STM3197,glgS
9751,STM3198,
9754,STM3199,yqiK
9757,STM3200,rfaE
9760,STM3201,glnE
9763,STM3202,ygiF
9766,STM3203,ygiM
9768,STM3204,cca
9771,STM3205,bacA
9774,STM3206,folB
9777,STM3207,ygiH
9780,STM3208,gcp
9783,STM3209,rpsU
9789,STM3210,dnaG
9794,STM3211,rpoD
9796,STM3212,mug
9802,STM3214,yqjH
9805,STM3215,yqjI
9808,STM3216,
9811,STM3217,aer
9814,STM3218,oat
9817,STM3219,fadH
9820,STM3220,ygjO
9823,STM3221,ygjP
9826,STM3222,ygjQ
9829,STM3223,ygjR
9832,STM3224,ygjT
9835,STM3225,ygjU
9838,STM3226,yqjA
9841,STM3227,yqjB
9844,STM3228,yqjC
9847,STM3229,yqjD
9850,STM3230,yqjE
9852,STM3231,yqjK
9855,STM3232,yqjF
9857,STM3233,yqjG
9860,STM3234,yhaH
9863,STM3235,yhaJ
9866,STM3236,yhaK
9869,STM3237,yhaL
9872,STM3238,yhaN
9875,STM3239,yhaO
9878,STM3240,tdcG
9881,STM3241,tdcE
9884,STM3242,tdcD
9887,STM3243,tdcC
9890,STM3244,tdcB
9893,STM3245,tdcA
9906,STM3247,garK
9909,STM3248,garR
9912,STM3249,garL
9915,STM3250,garD
9918,STM3251,
9921,STM3252,agaR
9924,STM3253,
9929,STM3254,
9932,STM3255,
9935,STM3256,
9938,STM3257,
9941,STM3258,
9944,STM3259,
9948,STM3260,
9950,STM3261,
9953,STM3262,
9956,STM3263,yraL
9959,STM3264,yraM
9962,STM3265,yraN
9965,STM3266,yraO
9968,STM3267,yraP
9971,STM3268,yraR
9974,STM3269,yhbO
9977,STM3270,yhbP
9980,STM3271,yhbQ
9983,STM3272,yhbS
9986,STM3273,yhbT
9989,STM3274,yhbU
9992,STM3275,yhbV
9995,STM3276,yhbW
9997,STM3277,
10000,STM3278,
10003,STM3279,mtr
10010,STM3280,deaD
10012,STM3281,nlpI
10015,STM3282,pnp
10018,STM3283,rpsO
10021,STM3284,truB
10023,STM3285,rbfA
10027,STM3286,infB
10030,STM3287,nusA
10033,STM3288,yhbC
10038,STM3290,argG
10040,STM3291,
10046,STM3293,secG
10049,STM3294,mrsA
10051,STM3295,folP
10055,STM3296,hflB
10057,STM3297,ftsJ
10060,STM3298,yhbY
10063,STM3299,greA
10066,STM3300,dacB
10069,STM3301,yhbZ
10073,STM3303,rpmA
10076,STM3304,rplU
10079,STM3305,ispB
10082,STM3306,nlp
10085,STM3307,murA
10088,STM3308,yrbA
10090,STM3309,yrbB
10093,STM3310,yrbC
10096,STM3311,yrbD
10099,STM3312,yrbE
10102,STM3313,yrbF
10105,STM3314,yrbG
10108,STM3315,yrbH
10111,STM3316,yrbI
10115,STM3317,yrbK
10117,STM3318,yhbN
10120,STM3319,yhbG
10124,STM3320,rpoN
10127,STM3321,yhbH
10130,STM3322,ptsN
10133,STM3323,yhbJ
10136,STM3324,ptsO
10139,STM3325,yrbL
10142,STM3326,mtgA
10144,STM3327,yhbL
10148,STM3328,arcB
10151,STM3329,yhcC
10157,STM3330,gltB
10160,STM3331,gltD
10163,STM3332,yhcG
10166,STM3333,
10171,STM3334,
10174,STM3335,yhcH
10177,STM3336,nanK
10179,STM3337,nanE
10183,STM3338,nanT
10185,STM3339,nanA
10188,STM3340,yhcK
10190,STM3341,sspB
10193,STM3342,sspA
10196,STM3343,
10199,STM3344,rpsI
10202,STM3345,rplM
10205,STM3346,yhcM
10208,STM3347,yhcB
10211,STM3348,degQ
10214,STM3349,degS
10216,STM3350,
10218,STM3351,oadB
10221,STM3352,oadA
10224,STM3353,oadG
10227,STM3354,
10230,STM3355,
10233,STM3356,
10236,STM3357,
10238,STM3358,
10242,STM3359,mdh
10249,STM3360,argR
10256,STM3361,yhcN
10259,STM3362,
10262,STM3363,yhcO
10265,STM3364,yhcP
10267,STM3365,yhcQ
10270,STM3366,yhcR
10273,STM3367,yhcS
10275,STM3368,tldD
10277,STM3369,yhdP
10280,STM3370,cafA
10282,STM3371,yhdE
10286,STM3372,mreD
10289,STM3373,mreC
10292,STM3374,mreB
10295,STM3375,yhdA
10298,STM3376,yhdH
10301,STM3377,
10304,STM3378,
10307,STM3379,accB
10312,STM3380,accC
10315,STM3381,yhdT
10319,STM3382,panF
10321,STM3383,prmA
10323,STM3384,yhdG
10329,STM3385,fis
10332,STM3386,yhdJ
10335,STM3387,yhdU
10338,STM3388,
10340,STM3389,envR
10343,STM3390,acrE
10346,STM3391,acrF
10349,STM3392,yhdV
10370,STM3399,yrdA
10373,STM3400,yrdB
10376,STM3401,aroE
10378,STM3402,yrdC
10381,STM3403,yrdD
10384,STM3404,smg
10387,STM3405,smf
10390,STM3406,def
10393,STM3407,fmt
10396,STM3408,sun
10398,STM3409,trkA
10401,STM3410,mscL
10404,STM3411,
10406,STM3412,zntR
10409,STM3413,yhdN
10412,STM3414,rplQ
10415,STM3415,rpoA
10418,STM3416,rpsD
10421,STM3417,rpsK
10424,STM3418,rpsM
10427,STM3419,rpmJ
10430,STM3420,secY
10432,STM3421,rplO
10435,STM3422,rpmD
10439,STM3423,rpsE
10442,STM3424,rplR
10445,STM3425,rplF
10448,STM3426,rpsH
10451,STM3427,rpsN
10454,STM3428,rplE
10457,STM3429,rplX
10460,STM3430,rplN
10463,STM3431,rpsQ
10465,STM3432,rpmC
10469,STM3433,rplP
10472,STM3434,rpsC
10475,STM3435,rplV
10478,STM3436,rpsS
10481,STM3437,rplB
10484,STM3438,rplW
10487,STM3439,rplD
10490,STM3440,rplC
10493,STM3441,rpsJ
10496,STM3442,hopD
10499,STM3443,bfr
10502,STM3444,bfd
10505,STM3445,tufA
10508,STM3446,fusA
10511,STM3447,rpsG
10514,STM3448,rpsL
10517,STM3449,yheL
10520,STM3450,yheM
10523,STM3451,yheN
10526,STM3452,yheO
10529,STM3453,fkpA
10532,STM3454,slyX
10535,STM3455,slyD
10538,STM3456,yheV
10541,STM3457,kefB
10543,STM3458,yheR
10547,STM3459,yheS
10551,STM3461,
10554,STM3462,yheT
10556,STM3463,yheU
10558,STM3464,prkB
10561,STM3465,yhfA
10568,STM3466,crp
10575,STM3467,yhfK
10577,STM3468,argD
10582,STM3469,pabA
10585,STM3470,fic
10587,STM3471,yhfG
10591,STM3472,ppiA
10598,STM3473,yhfC
10601,STM3474,nirB
10609,STM3475,nirD
10612,STM3476,nirC
10615,STM3477,cysG
10618,STM3478,bigA
10622,STM3479,tnpA_5
10625,STM3480,yhfL
10628,STM3481,trpS
10630,STM3482,gph
10633,STM3483,rpe
10637,STM3484,dam
10639,STM3485,damX
10642,STM3486,aroB
10645,STM3487,aroK
10647,STM3488,hofQ
10649,STM3489,yrfA
10653,STM3490,yrfB
10656,STM3491,yrfC
10659,STM3492,yrfD
10662,STM3493,mrcA
10664,STM3494,yrfE
10667,STM3495,yrfF
10670,STM3496,yrfG
10673,STM3497,yrfH
10676,STM3498,yrfI
10678,STM3499,yhgE
10681,STM3500,pckA
10686,STM3501,envZ
10688,STM3502,ompR
10694,STM3503,greB
10697,STM3504,yhgF
10700,STM3505,feoA
10703,STM3506,feoB
10705,STM3507,yhgG
10708,STM3508,
10711,STM3509,bioH
10714,STM3510,yhgH
10717,STM3511,yhgI
10721,STM3512,gntT
10726,STM3513,malQ
10729,STM3514,malP
10736,STM3515,malT
10742,STM3516,
10744,STM3517,
10748,STM3518,rtcA
10751,STM3519,rtcB
10755,STM3521,
10758,STM3522,rtcR
10761,STM3523,glpR
10764,STM3524,glpG
10766,STM3525,glpE
10769,STM3526,glpD
10776,STM3527,
10779,STM3528,
10782,STM3529,
10787,STM3531,
10789,STM3532,
10792,STM3533,
10794,STM3534,glgP
10797,STM3535,glgA
10800,STM3536,glgC
10805,STM3537,glgX
10808,STM3538,glgB
10811,STM3539,asd
10814,STM3540,yhgN
10817,STM3541,gntU
10819,STM3542,gntK
10825,STM3543,gntR
10828,STM3544,yhhW
10831,STM3545,yhhX
10834,STM3546,yhhY
10837,STM3547,
10840,STM3548,
10843,STM3549,
10847,STM3550,
10849,STM3551,ggt
10852,STM3552,yhhA
10855,STM3553,ugpQ
10858,STM3554,ugpC
10860,STM3555,ugpE
10864,STM3556,ugpA
10867,STM3557,ugpB
10870,STM3558,
10872,STM3559,yhhV
10876,STM3560,livF
10879,STM3561,livG
10882,STM3562,livM
10884,STM3563,livH
10888,STM3564,livK
10893,STM3565,yhhK
10895,STM3566,
10898,STM3567,livJ
10904,STM3568,rpoH
10911,STM3569,ftsX
10915,STM3570,ftsE
10919,STM3571,ftsY
10922,STM3572,yhhF
10925,STM3573,yhhL
10928,STM3574,yhhM
10931,STM3575,yhhN
10934,STM3576,zntA
10937,STM3577,tcp
10940,STM3578,yhhP
10943,STM3579,yhhQ
10946,STM3580,
10949,STM3581,yhhS
10951,STM3582,yhhT
10954,STM3583,acpT
10957,STM3584,nikR
10960,STM3585,yhhJ
10963,STM3586,yhiH
10966,STM3587,yhiI
10969,STM3588,yhiN
10972,STM3589,pitA
10975,STM3590,uspB
10979,STM3591,uspA
10985,STM3592,yhiP
10988,STM3593,yhiQ
10991,STM3594,prlC
10994,STM3595,
10997,STM3596,yhiR
11000,STM3597,gor
11003,STM3598,
11006,STM3599,
11009,STM3600,
11012,STM3601,
11015,STM3602,
11018,STM3603,treF
11021,STM3604,
11024,STM3605,
11027,STM3606,yhjB
11030,STM3607,yhjC
11033,STM3608,yhjD
11036,STM3609,yhjE
11039,STM3610,yhjG
11042,STM3611,yhjH
11045,STM3612,kdgK
11048,STM3613,yhjJ
11051,STM3614,dctA
11054,STM3615,yhjK
11056,STM3616,yhjL
11058,STM3617,bcsC
11061,STM3618,yhjN
11063,STM3619,yhjO
11065,STM3620,yhjQ
11068,STM3621,yhjR
11072,STM3622,yhjS
11074,STM3623,yhjT
11078,STM3624,yhjU
11080,STM3624A,
11082,STM3625,yhjV
11085,STM3626,dppF
11087,STM3627,dppD
11091,STM3628,dppC
11094,STM3629,dppB
11097,STM3630,dppA
11102,STM3631,
11105,STM3632,
11108,STM3633,
11114,STM3635,yhjW
11117,STM3636,lpfE
11120,STM3637,lpfD
11123,STM3638,lpfC
11126,STM3639,lpfB
11129,STM3640,lpfA
11131,STM3641,yhjY
11134,STM3642,tag
11137,STM3643,yiaC
11140,STM3644,bisC
11143,STM3645,yiaD
11146,STM3646,yiaE
11149,STM3647,yiaF
11152,STM3648,yiaG
11155,STM3649,cspA
11158,STM3650,
11161,STM3651,
11163,STM3652,
11166,STM3653,
11170,STM3655,glyS
11173,STM3656,glyQ
11176,STM3657,
11179,STM3658,yiaH
11182,STM3659,yiaB
11185,STM3660,xylB
11188,STM3661,xylA
11193,STM3662,xylR
11196,STM3663,bax
11201,STM3664,malS
11206,STM3665,avtA
11208,STM3666,ysaA
11211,STM3667,yiaJ
11214,STM3668,yiaK
11217,STM3669,yiaL
11220,STM3670,
11223,STM3671,yiaM
11227,STM3672,yiaN
11229,STM3673,yiaO
11233,STM3674,lyxK
11235,STM3675,sgbH
11239,STM3676,sgbU
11241,STM3677,sgbE
11244,STM3678,
11247,STM3679,
11250,STM3680,aldB
11257,STM3681,
11262,STM3682,selB
11264,STM3683,selA
11268,STM3684,yibF
11276,STM3685,mtlA
11281,STM3686,mtlD
11284,STM3687,mtlR
11286,STM3688,
11289,STM3689,yibL
11292,STM3690,
11295,STM3691,
11298,STM3692,lldP
11301,STM3693,lldR
11305,STM3694,lldD
11307,STM3695,yibK
11310,STM3696,
11313,STM3697,
11316,STM3698,
11319,STM3699,cysE
11322,STM3700,gpsA
11324,STM3701,secB
11328,STM3702,grxC
11331,STM3703,yibN
11333,STM3704,pmgI
11336,STM3705,yibP
11339,STM3706,yigQ
11342,STM3707,yibD
11345,STM3708,tdh
11348,STM3709,kbl
11355,STM3710,rfaD
11358,STM3711,rfaF
11360,STM3712,rfaC
11363,STM3713,rfaL
11366,STM3714,rfaK
11369,STM3715,rfaZ
11371,STM3716,rfaY
11373,STM3717,rfaJ
11376,STM3718,rfaI
11378,STM3719,rfaB
11381,STM3720,yibR
11383,STM3721,rfaP
11386,STM3722,rfaG
11388,STM3723,rfaQ
11392,STM3724,kdtA
11394,STM3725,kdtB
11397,STM3726,mutM
11400,STM3727,rpmG
11403,STM3728,rpmB
11406,STM3729,radC
11409,STM3730,dfp
11412,STM3731,dut
11414,STM3732,ttk
11417,STM3733,pyrE
11420,STM3734,rph
11423,STM3735,yicC
11426,STM3736,
11429,STM3737,
11432,STM3738,yigC
11435,STM3739,yicF
11438,STM3740,gmk
11441,STM3741,rpoZ
11444,STM3742,spoT
11447,STM3743,spoU
11450,STM3744,recG
11452,STM3745,
11455,STM3746,gltS
11458,STM3747,yicE
11461,STM3748,yicH
11464,STM3749,yicI
11467,STM3750,yicJ
11473,STM3752,
11476,STM3753,sugR
11479,STM3754,
11481,STM3755,rhuM
11484,STM3756,rmbA
11487,STM3757,misL
11490,STM3758,fidL
11493,STM3759,marT
11496,STM3760,
11498,STM3761,slsA
11501,STM3762,cigR
11504,STM3763,mgtB
11507,STM3764,mgtC
11510,STM3765,yicL
11513,STM3766,
11516,STM3767,
11519,STM3768,
11522,STM3769,
11524,STM3770,
11528,STM3771,
11531,STM3772,
11534,STM3773,
11537,STM3774,
11540,STM3775,
11543,STM3776,yicM
11546,STM3777,
11549,STM3778,
11552,STM3779,
11555,STM3780,
11558,STM3781,
11560,STM3782,
11564,STM3783,
11567,STM3784,
11570,STM3785,
11575,STM3786,yicN
11578,STM3787,uhpT
11585,STM3788,uhpC
11588,STM3789,uhpB
11590,STM3790,uhpA
11594,STM3791,
11597,STM3792,
11600,STM3793,
11603,STM3794,
11606,STM3795,ilvN
11609,STM3796,ilvB
11612,STM3797,ivbL
11618,STM3797A,ysdA
11619,STM3797A,ysdA
11621,STM3796B,ysdB
11623,STM3796A,
11625,STM3798,emrD
11627,STM3799,
11629,STM3800,dsdC
11634,STM3801,dsdX
11641,STM3802,dsdA
11644,STM3803,yidF
11646,STM3804,yidG
11648,STM3805,yidH
11653,STM3807,yidE
11656,STM3808,ibpB
11659,STM3809,ibpA
11662,STM3810,yidQ
11665,STM3811,yidR
11668,STM3812,ccmH
11670,STM3813,ccmG
11674,STM3814,ccmF
11676,STM3815,ccmE
11679,STM3816,ccmD
11683,STM3817,ccmC
11686,STM3818,ccmB
11688,STM3819,ccmA
11691,STM3820,
11694,STM3821,torD
11697,STM3822,torA
11699,STM3823,torC
11708,STM3824,torR
11711,STM3825,torT
11714,STM3826,torS
11717,STM3827,dgoT
11720,STM3828,dgoA
11723,STM3829,dgoK
11725,STM3830,dgoR
11729,STM3831,yidA
11732,STM3832,
11735,STM3833,
11738,STM3834,
11741,STM3835,gyrB
11744,STM3836,recF
11747,STM3837,dnaN
11749,STM3838,dnaA
11754,STM3839,rpmH
11759,STM3840,rnpA
11761,STM3841,
11765,STM3842,yidC
11767,STM3843,trmE
11770,STM3845,
11772,STM3846,
11775,STM3847,yidY
11778,STM3848,yidZ
11781,STM3849,yieE
11784,STM3850,yieF
11786,STM3851,yieG
11788,STM3852,yieH
11791,STM3853,phoU
11794,STM3854,pstB
11797,STM3855,pstA
11800,STM3856,pstC
11803,STM3857,pstS
11810,STM3858,
11813,STM3859,
11816,STM3860,
11818,STM3861,glmS
11821,STM3862,glmU
11828,STM3863,
11831,STM3864,atpC
11834,STM3865,atpD
11837,STM3866,atpG
11840,STM3867,atpA
11843,STM3868,atpH
11846,STM3869,atpF
11849,STM3870,atpE
11852,STM3871,atpB
11854,STM3872,atpI
11860,STM3873,gidB
11863,STM3874,gidA
11866,STM3875,mioC
11868,STM3876,asnC
11873,STM3877,asnA
11878,STM3878,yieM
11881,STM3879,yieN
11884,STM3880,kup
11887,STM3881,rbsD
11893,STM3882,rbsA
11896,STM3883,rbsC
11899,STM3884,rbsB
11902,STM3885,rbsK
11906,STM3886,rbsR
11908,STM3887,yieO
11911,STM3888,yieP
11935,STM3897,yifA
11937,STM3898,yifE
11940,STM3899,yifB
11943,STM3900,ilvL
11948,STM3901,ilvG
11951,STM3902,ilvM
11956,STM3903,ilvE
11959,STM3904,ilvD
11962,STM3905,ilvA
11965,STM3906,
11969,STM3907,
11971,STM3908,ilvY
11978,STM3909,ilvC
11985,STM3910,ppiC
11988,STM3911,
11990,STM3912,rep
11992,STM3913,gppA
11995,STM3914,rhlB
11997,STM3915,trxA
12001,STM3917,rho
12003,STM3918,rfe
12005,STM3919,wzzE
12008,STM3920,wecB
12011,STM3921,wecC
12013,STM3922,rffG
12016,STM3923,rffH
12019,STM3924,wecD
12023,STM3925,wecE
12025,STM3926,wzxE
12027,STM3927,
12031,STM3928,wecF
12033,STM3929,wecG
12036,STM3930,yifK
12052,STM3935,hemY
12054,STM3936,hemX
12058,STM3937,hemD
12061,STM3938,hemC
12064,STM3939,cyaA
12070,STM3940,
12073,STM3941,
12076,STM3942,
12079,STM3943,cyaY
12082,STM3944,
12086,STM3946,yifL
12089,STM3947,dapF
12092,STM3948,yigA
12096,STM3949,xerC
12098,STM3950,yigB
12102,STM3951,uvrD
12107,STM3952,corA
12112,STM3953,yigF
12115,STM3954,yigG
12118,STM3955,rarD
12121,STM3956,yigI
12123,STM3957,pldA
12126,STM3958,recQ
12128,STM3959,rhtC
12130,STM3960,rthB
12133,STM3961,pldB
12136,STM3962,yigL
12139,STM3963,yigM
12141,STM3964,metR
12144,STM3965,metE
12147,STM3966,
12150,STM3967,dlhH
12155,STM3968,udp
12160,STM3969,yigN
12163,STM3970,ubiE
12166,STM3971,yigP
12170,STM3972,aarF
12172,STM3973,tatA
12176,STM3974,tatB
12178,STM3975,tatC
12180,STM3976,yigW
12183,STM3977,rfaH
12186,STM3978,yigC
12189,STM3979,ubiB
12192,STM3980,
12195,STM3981,
12198,STM3982,fadA
12201,STM3983,fadB
12207,STM3984,pepQ
12210,STM3985,yigZ
12213,STM3986,trkH
12216,STM3987,hemG
12234,STM3993,mobB
12237,STM3994,mobA
12240,STM3995,yihD
12243,STM3996,yihE
12246,STM3997,dsbA
12249,STM3998,yihG
12251,STM3999,polA
12254,STM4000,spf
12257,STM4001,yihA
12260,STM4002,
12263,STM4003,yihI
12265,STM4004,hemN
12268,STM4005,glnG
12271,STM4006,glnL
12277,STM4007,glnA
12279,STM4008,
12290,STM4009,typA
12293,STM4010,
12296,STM4011,
12299,STM4012,
12301,STM4013,
12304,STM4014,
12307,STM4015,
12310,STM4016,yshA
12313,STM4017,yihO
12316,STM4018,yihP
12319,STM4019,yihQ
12322,STM4020,yihR
12325,STM4021,yihS
12328,STM4022,yihT
12331,STM4023,yihU
12334,STM4024,yihV
12337,STM4025,yihW
12340,STM4026,yihX
12344,STM4027,rbn
12346,STM4028,yihZ
12350,STM4029,yiiD
12352,STM4030,
12354,STM4031,
12358,STM4032,
12361,STM4033,
12363,STM4034,fdhE
12365,STM4035,fdoI
12369,STM4036,fdoH
12372,STM4037,fdoG
12375,STM4038,fdhD
12378,STM4039,
12381,STM4040,yiiG
12383,STM4041,
12386,STM4042,
12389,STM4042A,
12391,STM4043,yiiL
12394,STM4044,
12397,STM4045,rhaD
12400,STM4046,rhaA
12403,STM4047,rhaB
12413,STM4048,rhaS
12419,STM4049,rhaR
12422,STM4050,rhaT
12429,STM4051,
12431,STM4052,
12433,STM4053,
12437,STM4054,
12440,STM4055,sodA
12455,STM4056,yiiM
12457,STM4057,
12460,STM4058,cpxA
12462,STM4059,cpxR
12466,STM4060,cpxP
12469,STM4061,yiiP
12472,STM4062,pfkA
12475,STM4063,sbp
12478,STM4064,ushB
12481,STM4065,
12484,STM4066,
12487,STM4067,
12490,STM4068,
12493,STM4069,
12496,STM4070,
12499,STM4071,
12502,STM4072,ydeV
12505,STM4073,ydeW
12508,STM4074,ego
12511,STM4075,ydeY
12514,STM4076,ydeZ
12517,STM4077,yneA
12520,STM4078,yneB
12523,STM4079,yneC
12526,STM4080,
12529,STM4081,tpiA
12532,STM4082,yiiQ
12535,STM4083,yiiR
12538,STM4084,fpr
12541,STM4085,glpX
12543,STM4086,glpK
12546,STM4087,glpF
12557,STM4088,yiiU
12560,STM4089,menG
12562,STM4090,menA
12565,STM4091,hslU
12568,STM4092,hslV
12571,STM4093,ftsN
12573,STM4094,cytR
12576,STM4095,priA
12579,STM4096,rpmE
12582,STM4097,
12585,STM4098,
12588,STM4099,metJ
12591,STM4100,metB
12595,STM4101,metL
12597,STM4102,
12600,STM4103,
12603,STM4104,
12606,STM4105,metF
12614,STM4106,katG
12619,STM4107,yijF
12622,STM4108,gldA
12625,STM4109,talC
12628,STM4110,ptsA
12632,STM4112,frwC
12635,STM4113,frwB
12638,STM4114,pflD
12641,STM4115,pflC
12644,STM4116,frwD
12647,STM4117,yijO
12650,STM4118,yijP
12653,STM4119,ppc
12656,STM4120,argE
12665,STM4121,argC
12670,STM4122,argB
12673,STM4123,argH
12676,STM4125,oxyR
12682,STM4126,udhA
12685,STM4127,yijC
12688,STM4128,yijD
12691,STM4129,trmA
12696,STM4130,btuB
12699,STM4131,murI
12716,STM4137,murB
12719,STM4138,birA
12722,STM4139,coaA
12726,STM4141,
12740,STM4146,tufB
12743,STM4147,secE
12747,STM4148,nusG
12749,STM4149,rplK
12753,STM4150,rplA
12755,STM4151,rplJ
12758,STM4152,rplL
12761,STM4153,rpoB
12764,STM4154,rpoC
12767,STM4155,
12769,STM4156,
12772,STM4157,
12775,STM4158,
12777,STM4159,thiH
12779,STM4160,thiG
12782,STM4161,
12786,STM4162,thiF
12788,STM4163,thiE
12792,STM4164,thiC
12795,STM4165,rsd
12798,STM4166,yjaD
12801,STM4167,hemE
12804,STM4168,nfi
12807,STM4169,yjaG
12809,STM4170,hupA
12812,STM4171,yjaH
12814,STM4172,zraP
12817,STM4173,hydH
12820,STM4174,hydG
12823,STM4175,purD
12826,STM4176,purH
12844,STM4181,yjaB
12847,STM4182,metA
12854,STM4183,aceB
12860,STM4184,aceA
12863,STM4185,aceK
12866,STM4186,
12869,STM4187,iclR
12872,STM4188,metH
12877,STM4189,yjbB
12880,STM4190,pepE
12883,STM4191,
12885,STM4192,
12888,STM4193,yjbC
12891,STM4194,yjbD
12894,STM4195,
12897,STM4196,
12900,STM4197,
12903,STM4198,
12906,STM4199,
12909,STM4200,
12912,STM4201,
12915,STM4202,
12917,STM4203,
12921,STM4204,
12923,STM4205,
12926,STM4206,
12929,STM4207,
12932,STM4208,
12934,STM4209,
12938,STM4210,
12941,STM4211,
12943,STM4212,
12946,STM4213,
12948,STM4214,
12952,STM4215,
12955,STM4216,
12958,STM4217,
12961,STM4218,
12964,STM4219,
12967,STM4220,lysC
12970,STM4221,pgi
12973,STM4222,yjbE
12976,STM4223,yjbF
12979,STM4224,yjbG
12982,STM4225,yjbH
12984,STM4226,yjbA
12987,STM4227,malG
12990,STM4228,malF
12993,STM4229,malE
13009,STM4230,malK
13012,STM4231,lamB
13015,STM4232,malM
13018,STM4233,ubiC
13021,STM4234,ubiA
13024,STM4235,plsB
13027,STM4236,dgkA
13030,STM4237,lexA
13037,STM4238,dinF
13040,STM4239,
13042,STM4240,yjbJ
13045,STM4241,zur
13048,STM4242,
13051,STM4243,yjbN
13053,STM4244,yjbO
13056,STM4245,qor
13059,STM4246,dnaB
13062,STM4247,alr
13065,STM4248,tyrB
13072,STM4249,aphA
13075,STM4250,yjbQ
13078,STM4251,yjbR
13081,STM4252,
13084,STM4253,
13087,STM4254,uvrA
13093,STM4255,
13096,STM4256,ssb
13101,STM4257,
13105,STM4258,
13107,STM4259,
13110,STM4260,
13112,STM4261,
13114,STM4262,
13117,STM4263,yjcB
13120,STM4264,yjcC
13123,STM4265,soxS
13128,STM4266,soxR
13135,STM4267,
13138,STM4268,yjcD
13141,STM4269,yjcE
13144,STM4270,
13147,STM4271,
13151,STM4272,
13153,STM4273,yjcG
13155,STM4274,yjcH
13159,STM4275,acs
13162,STM4276,
13169,STM4277,nrfA
13173,STM4278,nrfB
13176,STM4279,nrfC
13179,STM4280,nrfD
13182,STM4281,nrfE
13184,STM4282,nrfG
13187,STM4283,gltP
13190,STM4284,yjcO
13192,STM4285,fdhF
13195,STM4286,lpxO
13198,STM4287,phnO
13201,STM4288,phnB
13204,STM4289,phnA
13208,STM4290,proP
13213,STM4291,basS
13215,STM4292,basR
13218,STM4293,yjdB
13221,STM4294,yjdE
13224,STM4295,adiY
13227,STM4296,adi
13230,STM4297,melR
13240,STM4298,melA
13247,STM4299,melB
13250,STM4300,fumB
13255,STM4301,dcuB
13261,STM4302,
13264,STM4303,dcuR
13267,STM4304,dcuS
13270,STM4305,
13273,STM4306,
13277,STM4307,
13279,STM4308,
13282,STM4309,
13285,STM4310,
13288,STM4311,tnpA_6
13291,STM4312,
13293,STM4313,
13296,STM4314,
13298,STM4315,
13301,STM4316,
13303,STM4317,
13307,STM4318,
13309,STM4319,phoN
13312,STM4319a,EthD
13314,STM4320,
13320,STM4322,yjdC
13323,STM4323,dsbD
13325,STM4324,cutA
13329,STM4325,dcuA
13332,STM4326,aspA
13337,STM4327,fxsA
13339,STM4328,yjeH
13342,STM4329,mopB
13345,STM4330,mopA
13348,STM4331,yjeI
13350,STM4332,yjeJ
13353,STM4333,yjeK
13356,STM4334,efp
13359,STM4335,ecnA
13361,STM4336,ecnB
13364,STM4337,ecnR
13367,STM4338,sugE
13370,STM4339,blc
13373,STM4340,frdD
13376,STM4341,frdC
13379,STM4342,frdB
13382,STM4343,frdA
13390,STM4344,yjeA
13393,STM4345,yjeM
13396,STM4346,yjeO
13399,STM4347,yjeP
13402,STM4348,psd
13405,STM4349,yjeQ
13407,STM4350,orn
13410,STM4351,
13422,STM4355,yjeS
13425,STM4356,yjeF
13430,STM4357,yjeE
13432,STM4358,amiB
13435,STM4359,mutL
13438,STM4360,miaA
13441,STM4361,hfq
13444,STM4362,hflX
13447,STM4363,hflK
13450,STM4364,hflC
13453,STM4365,yjeT
13456,STM4366,purA
13461,STM4367,yjeB
13464,STM4368,vacB
13467,STM4369,yjfH
13470,STM4370,yjfI
13473,STM4371,yjfJ
13477,STM4372,
13479,STM4373,yjfK
13482,STM4374,yjfL
13485,STM4375,yjfM
13489,STM4376,yjfC
13492,STM4377,aidB
13496,STM4378,yjfN
13499,STM4379,yjfO
13502,STM4380,yjfP
13505,STM4381,yjfQ
13508,STM4382,yjfR
13511,STM4383,sgaT
13513,STM4384,sgaB
13516,STM4385,ptxA
13519,STM4386,sgaH
13522,STM4387,sgaU
13525,STM4388,sgaE
13528,STM4389,yjfY
13531,STM4390,
13534,STM4391,rpsF
13537,STM4392,priB
13540,STM4393,rpsR
13543,STM4394,rplI
13546,STM4395,yifZ
13549,STM4396,ytfB
13552,STM4397,fklB
13555,STM4398,cycA
13558,STM4399,ytfE
13561,STM4400,ytfF
13564,STM4401,ytfG
13567,STM4402,ytfH
13570,STM4403,cpdB
13576,STM4404,cysQ
13579,STM4405,ytfJ
13582,STM4406,ytfK
13585,STM4407,ytfL
13588,STM4408,msrA
13591,STM4409,ytfM
13595,STM4410,ytfN
13597,STM4411,ytfP
13599,STM4412,
13601,STM4413,
13604,STM4414,ppa
13607,STM4415,fbp
13610,STM4416,mpl
13613,STM4417,
13615,STM4418,
13618,STM4419,
13621,STM4420,
13624,STM4421,
13627,STM4422,
13629,STM4423,
13632,STM4424,
13634,STM4425,
13637,STM4426,srfJ
13640,STM4427,
13643,STM4428,
13646,STM4430,
13648,STM4429,
13652,STM4431,
13654,STM4432,
13656,STM4433,
13659,STM4434,
13662,STM4435,
13665,STM4436,
13668,STM4437,yjgA
13671,STM4438,pmbA
13674,STM4439,cybC
13677,STM4440,
13679,STM4441,
13682,STM4442,
13685,STM4443,
13688,STM4444,
13691,STM4445,
13694,STM4446,
13698,STM4447,
13700,STM4448,
13703,STM4449,
13707,STM4450,
13709,STM4451,nrdG
13712,STM4452,nrdD
13715,STM4453,treC
13721,STM4455,treR
13726,STM4456,mgtA
13729,STM4457,
13732,STM4458,yjgF
13735,STM4459,pyrI
13738,STM4460,pyrB
13743,STM4461,pyrL
13746,STM4462,yjgG
13749,STM4463,
13752,STM4464,
13755,STM4465,
13758,STM4466,
13761,STM4467,
13764,STM4468,yjgK
13767,STM4469,argI
13773,STM4470,yjgD
13777,STM4471,miaE
13779,STM4472,ytgA
13782,STM4473,yjgM
13784,STM4474,yjgN
13787,STM4475,valS
13789,STM4476,holC
13793,STM4477,pepA
13796,STM4478,
13798,STM4479,yjgP
13800,STM4480,yjgQ
13803,STM4481,idnR
13806,STM4482,idnT
13809,STM4483,idnO
13812,STM4484,idnD
13815,STM4485,idnK
13818,STM4486,yjgB
13824,STM4488,
13827,STM4489,
13830,STM4490,
13833,STM4491,
13836,STM4492,
13839,STM4493,
13842,STM4494,
13845,STM4495,
13848,STM4496,
13850,STM4497,
13852,STM4498,
13856,STM4499,yeeN
13859,STM4500,yjhP
13862,STM4501,
13865,STM4502,
13868,STM4503,
13871,STM4504,
13874,STM4505,
13877,STM4506,
13879,STM4507,uxuR
13882,STM4508,trpS2
13885,STM4509,
13888,STM4510,
13891,STM4511,yjiE
13894,STM4512,iadA
13897,STM4513,yjiG
13900,STM4514,yjiH
13902,STM4515,yjiJ
13905,STM4516,yjiN
13908,STM4517,yjiO
13911,STM4518,
13914,STM4519,
13917,STM4520,
13919,STM4521,yjiS
13922,STM4522,
13925,STM4523,yjiW
13928,STM4524,hsdS
13931,STM4525,hsdM
13934,STM4526,hsdR
13937,STM4527,mrr
13940,STM4528,
13944,STM4529,
13946,STM4530,yjiA
13949,STM4531,yjiX
13952,STM4532,yjiY
13955,STM4533,tsr
13958,STM4534,
13961,STM4535,
13964,STM4536,
13967,STM4537,
13971,STM4538,
13973,STM4539,
13976,STM4540,
13978,STM4541,mdoB
13980,STM4542,yjjA
13983,STM4543,dnaC
13985,STM4544,dnaT
13989,STM4545,
13992,STM4546,yjjP
13995,STM4547,yjjQ
13998,STM4548,bglJ
14001,STM4549,
14004,STM4550,fhuF
14006,STM4551,
14008,STM4552,
14020,STM4556,rsmC
14023,STM4557,holD
14027,STM4558,rimI
14029,STM4559,yjjG
14032,STM4560,prfC
14035,STM4561,osmY
14038,STM4562,
14041,STM4563,yjjU
14044,STM4564,yjjV
14047,STM4565,yjjW
14049,STM4566,yjjI
14054,STM4567,deoC
14063,STM4568,deoA
14066,STM4569,deoB
14069,STM4570,deoD
14072,STM4571,
14075,STM4572,stjB
14077,STM4573,stjC
14080,STM4574,
14083,STM4575,
14086,STM4576,lplA
14089,STM4577,smp
14092,STM4578,serB
14095,STM4579,radA
14098,STM4580,nadR
14101,STM4581,yjjK
14104,STM4582,slt
14106,STM4583,trpR
14112,STM4584,yjjX
14114,STM4585,gpmB
14117,STM4586,rob
14120,STM4587,creA
14125,STM4588,creB
14129,STM4589,creC
14131,STM4590,creD
14134,STM4591,sthE
14137,STM4592,sthD
14140,STM4593,sthB
14143,STM4594,sthA
14145,STM4595,
14148,STM4596,
14151,STM4597,
14154,STM4598,arcA
14159,STM4599,yjjY
14162,STM4600,lasT
14165,PSLT001,
14167,PSLT002,
14169,PSLT003,repC
14171,PSLT004,repA3
14173,PSLT005,tap
14175,PSLT006,repA
14177,PSLT007,
14179,PSLT008,srgC
14181,PSLT009,rcK
14183,PSLT010,srgB
14185,PSLT011,srgA
14187,PSLT012,orf7
14189,PSLT013,pefI
14191,PSLT014,orf6
14193,PSLT015,orf5
14195,PSLT016,pefD
14197,PSLT017,pefC
14199,PSLT018,pefA
14201,PSLT019,pefB
14203,PSLT020,
14207,PSLT023,repA2
14209,PSLT024,
14211,PSLT025,
14213,PSLT026,
14215,PSLT027,ccdA
14217,PSLT028,ccdB
14219,PSLT029,
14221,PSLT030,
14223,PSLT031,rsdB
14225,PSLT032,
14227,PSLT033,
14229,PSLT034,
14231,PSLT035,spvD
14233,PSLT036,
14235,PSLT037,spvD
14237,PSLT038,spvC
14239,PSLT039,spvB
14241,PSLT040,spvA
14243,PSLT041,spvR
14245,PSLT042,
14247,PSLT043,
14249,PSLT044,rlgA
14251,PSLT045,
14253,PSLT046,
14255,PSLT047,
14257,PSLT048,tlpA
14259,PSLT049,
14261,PSLT050,
14263,PSLT051,samB
14265,PSLT052,parA
14267,PSLT053,parB
14269,PSLT054,samB
14271,PSLT055,samA
14273,PSLT056,
14275,PSLT057,
14278,PSLT059,
14280,PSLT060,
14282,PSLT061,
14284,PSLT062,
14286,PSLT063,
14288,PSLT064,
14291,PSLT066,ssbB
14293,PSLT067,
14295,PSLT068,
14297,PSLT069,psiB
14299,PSLT070,psiA
14302,PSLT072,finP
14304,PSLT073,traM
14309,PSLT075,traJ
14311,PSLT076,traY
14313,PSLT077,traA
14315,PSLT078,traL
14317,PSLT079,traE
14319,PSLT080,traK
14321,PSLT081,traB
14323,PSLT082,traP
14325,PSLT083,trbD
14327,PSLT084,traV
14329,PSLT085,traR
14331,PSLT087,
14333,PSLT088,traC
14335,PSLT089,trbI
14337,PSLT091,traW
14339,PSLT092,traU
14341,PSLT093,
14343,PSLT094,trbC
14345,PSLT095,traN
14347,PSLT096,trbE
14349,PSLT097,traF
14351,PSLT098,traQ
14353,PSLT099,trbB
14355,PSLT100,traH
14357,PSLT101,traG
14359,PSLT102,traS
14361,PSLT103,traT
14363,PSLT104,traD
14365,PSLT105,trbH
14367,PSLT106,
14369,PSLT107,
14371,PSLT108,traI
14374,PSLT110,traX
14376,PSLT111,finO
